"Abhandlungen der Akademie der Wissenschaften in Mainz, Geistes und sozialwissenschaftliche Klasse","AAWM"
"Abhandlungen der Bayerischen Akademie der Wissenschaften, Philos.-Hist. Klasse","ABAW"
"Abhandlungen der Heidelberger Akademie der Wissenschaften, Philos.- Hist. Klasse","AHAW"
"Abhandlungen der Sächsischen Akademie der Wissenschaften zu Leipzig","ASAW"
"Acta ad archaeologiam et artium historiam pertinentia","AAAH"
"Acta Antiqua Academiae Scientiarum Hungaricae","AAntHung"
"Acta Archaeologica","AArch"
"Acta Archaeologica (Arheoloski Vestnik)","AArchSlov"
"Acta Archaeologica Academiae Scientiarum Hungaricae","AArchHung"
"Acta classica: proceedings of the Classical Association of South Africa","AClass"
"Acta classica Universitatis Scientiarum Debreceniensis","ACD"
"Acta Historica Academiae Scientiarum Hungaricae","AHistHung"
"Acta Iranica: encyclopédie permanente des études iraniennes","AI"
"Acta Orientalia Academiae Scientiarum Hungaricae","AOrientHung"
"Acta Univ. de Attila József nominatae, Acta antiqua et archaeologica.","AAASzeged"
"Acta Univ. de Attila Jozsef nominatae, Acta Historica","AHSzeged"
"Acta Universitatis Wratislaviensis. Classica Wratislaviensia.","ClassWrat"
"Aevum: rassegna di scienze storiche, linguistiche e filologiche","Aevum"
"Aevum antiquum","Aevum(ant)"
"Akroterion: quarterly for the Classics in South Africa","Akroterion"
"Akten der Gesellschaft für griechische und hellenistische Rechts- geschichte","AGR"
"Alba Regia: annales Musei Stephani Regis","Alba Regia"
"Allgemeine Zeitschrift für Philosophie","AZP"
"American Historical Review","AHR"
"American Journal of Ancient History","AJAH"
"American Journal of Archaeology","AJA"
"American Journal of Numismatics","AJN"
"American Journal of Philology","AJPh"
"American Philosophical Quarterly","APhQ"
"Analecta Bollandiana","AB"
"Analecta Malacitana: revista de la Sección de Filología de la Facultad de Filosofía y Letras","AMal"
"Analecta Romana Instituti Danic","ARID"
"Anales de Filologia clásica","AFC"
"Anales de Historia antigua y medieval","AHAM"
"Anales de la Universidad de Murcia, Facultad de Letras","AUM"
"Anatolian Studies: journal of the British Inst. of Archaeology at Ankara","AS"
"Ancient History","AH"
"Ancient Philosophy","AncPhil"
"Ancient Society","AncSoc"
"Anglo-Saxon England","ASE"
"Annales: économies, sociétés, civilisations","Annales (ESC)"
"Annales: histoire, sciences sociales","Annales (HSS)"
"Annales d'histoire et d'archéologie / Université Saint-Joseph","AHAUSJ"
"Annales de Bretagne et des Pays de l'Ouest","ABPO"
"Annales de l'Institut de philosophie","AIPh"
"Annales de la Faculté des Lettres et Sciences humaines de l'Université de Dakar","AFLD"
"Annales de Normandie","AnnNorm"
"Annales du Service des Antiquités d'égypte","ASAE"
"Annales Latini Montium Arvernorum: bulletin du Groupe d'études latines de l'Université de Clermont","ALMArv"
"Annales Universitatis Budapestinensis de Rolando Eötvös nominatae, Ê Sectio iuridica","AUBFjur.)"
"Annales Universitatis Budapestinensis de Rolando Eötvös nominatae, Ê Sectio philosophica et sociologica","AUB(phil)"
"Annales Universitatis Budapestinensis de Rolando Eötvös nominatae, Sectio classica","AUB(class)"
"Annales Valaisannes","AV"
"Annali del Dipartimento di filosofia dell'Università di Firenze","ADFF"
"Annali dell'Istituto di Storia, Univ. di Firenze","AISF"
"Annali dell'Istituto Italiano di Numismatica","AIIN"
"Annali dell'Istituto Italiano per gli Studi Storici","AIIS"
"Annali dell'Istituto universitario orientale di Napoli, Dipartimento di studi del mondo classico e del Mediterraneo antico, Sezione di archeologia e storia antica","AION(archeol)"
"Annali dell'Istituto universitario orientale di Napoli, Dipartimento di studi del mondo classico e del Mediterraneo antico, Sezione filologico-letteraria","AION(filol)"
"Annali dell'Istituto universitario orientale di Napoli, Dipartimento di studi del mondo classico e del Mediterraneo antico, Sezione linguistica","AION(ling)"
"Annali dell'Università di Ferrara, Sez. V, Sc. giurid","AUFG"
"Annali della Facoltà di Giurisprudenza, Università di Genova","AFGG"
"Annali della Facoltà di Lettere di Lecce","AFLL"
"Annali della Facoltà di Lettere e Filosofia, Università di Macerata","AFLM"
"Annali della Facoltà di Lettere e Filosofia dell'Università di Siena","AFLS"
"Annali della Facoltà di Lettere e Filosofia della Università di Cagliari","AFLC"
"Annali della Facoltà di Lettere e Filosofia della Università di Napoli","AFLN"
"Annali della Facoltà di Lettere e Filosofia di Bari","AFLB"
"Annali della Facoltà di Lettere e Filosofia di Perugia","AFLPer"
"Annali della Facoltà di Magistero dell'Università di Cagliari","AFMC"
"Annali della Facoltà di Scienze della Formazione dell'Università di Cagliari","AFSFC"
"Annali della Scuola Normale Superiore di Pisa, Classe di Lettere e Filosofia","ASNP"
"Annali del Liceo classico G. Garibaldi di Palermo","ALGP"
"Annali del Seminario Giuridico dell'Univ. di Palermo","ASGP"
"Annali di storia dell'esegesi","AnnSE"
"Annuaire de l'école pratique des Hautes études, IV' sect., Sciences hist. & philol","AEHE IV"
"Annuaire de l'école pratique des Hautes études, Ve sect., Sciences religieuses","AEHE V"
"Annuaire de l'Institut de Philologie et d'Histoire Orientales et Slaves de l'Université Libre de Bruxelles","AIPhO"
"Annuaire de l'Université de Sofia, Faculté des Lettres","AUS"
"Annuaire des amis de la Bibliothèque de Sélestat","AABS"
"Annuaire du Collège de France","ACF"
"Annual of the British School at Athens","ABSA"
"Annuario del Ginnasio Liceo A. Volta di Como","AGLComo"
"Annuario dell'Accademia etrusca di Cortona","AAEC"
"Annuario della Scuola Archeologica di Atene a delle Missioni Italiane in Oriente","ASAA"
"Annuarium Historiae Conciliorum","AHC"
"Antichità altoadriatiche","AAAD"
"Anticnaja drevnost'i srednije veka (L'antiquité et le Moyen Âge)","ADSV"
"Anticnyj mir i arkheologija (Le monde antique et l'archéologie)","AMA"
"Antike Kunst, hrsg. von der Vereiningung der Freunde antiker Kunst","AK"
"Antike und Abendland: Beiträge zum Verständnis der Griechen und Römer und ihre Nachlebens","A&A"
"Antike Welt","AW"
"Antiquités africaines","AntAfr"
"Anuari de filologia, Secció D, Studia Graeca et Latina","AFB"
"Anuario de Historia del Derecho Español","AHDE"
"Anzeiger der Österreichischen Akademie der Wissenschaften in Wien, Philos.-Hist. Klasse","AAWW"
"Anzeiger für die Altertumswissenschaft, hrsg. von der Österreichischen Humanistischen Gesellschaft","AAHG"
"Aquileia nostra: bolletino dell'Associazione nazionale per Aquileia","AN"
"Archaeologiai Ertesitö","AErt"
"Archaeological news","ArchN"
"Archaeological Reports","AR"
"Archaiologike ephemeris","AEph"
"Archaiologike Ephemeris","AE"
"Archaiologikon Deltion","AD"
"Archäologie der Schweiz: Mitteilungsblatt der Schweizerischen Gesellschaft für Ur- und Frühgeschichte","ArchS"
"Archäologie im Kanton Bern: Fundberichte und Aufsätze","AKBern"
"Archäologischer Anzeiger","AA"
"Archäologisches Korrespondenzblatt: Urgeschichte, Römerzeit, Frühmittelalter","AKB"
"Archeologia classica: rivista della Scuola naz. di Archeologia, pubbl. a cura degli Ist. di Archeologia e Storia dell'arte greca e romana e di Etruscologia e antichità italiche dell'Univ. di Roma","ArchClass"
"Archive for history of exact sciences","AHES"
"Archives d'histoire doctrinale et littéraire du Moyen Âge","AHMA"
"Archives de philosophie: recherches et documentation","ArchPhilos"
"Archives de philosophie du droit","APhD"
"Archives internationales d'histoire des sciences","AIHS"
"Archiv für Begriffsgeschichte: Bausteine zu einem historischen Wörterbuch der Philosophie","ABG"
"Archiv für Geschichte der Philosophie","AGPh"
"Archiv für Kulturgeschichte","AKG"
"Archiv für Musikwissenschaft","AMW"
"Archiv für Orientforschung: Internationale Zeitschrift für die Wissenschaft vom Vorderen Orient","AOF"
"Archiv für Papyrusforschung und verwandte Gebiete","APF"
"Archivio Glottologico Italiano","AGI"
"Archivio Storico per la Calabria e la Lucania","ASCL"
"Archivio Storico Pugliese","ASP"
"Archivio Storico Sardo","ASSARD"
"Archivo Español de Arqueología","AEA"
"Archiv orientální","ArchOrient"
"Archivum Latinitatis Medii Aevi (Bulletin Du Cange)","ALMA"
"Argeion oikonomikes istorias (Archives of Economic History, Athens)","AEH"
"Arheologiâ, publ. par l'Inst. d'Archéol. de l'Acad. des Sciences d'Ukraine et par la Soc. ukrainienne pour la préservation des monuments culturels et historiques","ARH"
"Atene e Roma: rassegna trimestrale dell'Associazione Italiana di Cultura classica","A&R"
"Atti del Centro ricerche e documentazione sull'antichità classica","CRDAC"
"Atti dell'Accademia di Scienze, Lettere e Arti di Palermo","AAPal"
"Atti dell'Accademia Ligure di Scienze e Lettere","AALIG"
"Atti dell'Accademia Pontaniana","AAP"
"Atti dell'Istituto Veneto di Scienze, Lettere ed Arti, Classe di Scienze morali e Lettere","AIV"
"Atti della Accademia delle Scienze di Torino, Classe di Scienze morali, storiche e filologiche","AAT"
"Atti della Accademia di Scienze morali e politiche della Società nazionale di Scienze, Lettere ed Arti di Napoli","AAN"
"Atti della Accademia Mediterranea delle Scienze","AAMed"
"Atti della Accademia Nazionale dei Lincei, Classe di Scienze Morali, Storiche e Filologiche. Rendiconti","RAL"
"Atti della Accademia Peloritana dei Pericolanti, Classe di Lettere, Filosofia e Belle Arti","AAPel"
"Atti della Accademia Roveretana degli Agiati, Classe di Scienze umane, Lettere ed Arti","AARov"
"Atti della Pontificia Accademia romana di Archeologia, Ser. IIIa, Memorie (in-4¡)","MPAA"
"Atti del Sodalizio glottologico milanese","ASGM"
"Atti e Memorie dell'Accademia Patavina di Scienze, Lettere ed Arti, Classe di Sc. mor., Lett. ed Arti","AAPat"
"Atti e Memorie dell'Accademia Toscana La Colombaria","AATC"
"Atti e Memorie dell'Arcadia","AMArc"
"Atti e memorie della Accademia Virgiliana di Mantova","AVM"
"Atti e Memorie della Società Istriana di Archeologia e Storia Patria","AMSI"
"Atti e memorie della Società Magna Grecia","ASMG"
"Atti e Memorie delle Accademie di Agricoltura, Scienze e Lettere di Verona","AMAV"
"Aufstieg und Niedergang der römischen Welt: Geschichte und Kultur Roms im Spiegel der neueren Forschung","ANRW"
"Augustan Age","AugAge"
"Augustinian Studies","AugStud"
"Basler Zeitschrift für Geschichte und Altertumskunde","BZG"
"Bayerische Vorgeschichtsblätter","BVBl"
"Beiträge zur allgemeinen und vergleichenden Archäologie","BAVA"
"Beiträge zur Namenforschung","BN"
"Bericht der Römisch-Germanischen Kommission des Deutschen Archäologischen Instituts","BRGK"
"Berichte zur Wissenschaftsgeschichte","BWG"
"Bibliotheca Orientalis, uitg. van het Nederlandsch Instituut voor het Nabije Oosten","BO"
"Bibliothek und Wissenschaft","B&W"
"Bibliothèque d'humanisme et Renaissance","BiblH&R"
"Bibliothèque de l'école des Chartes","BECh"
"Biblische Zeitschrift (Neue Folge)","BiZ"
"Boletín del Museo arqueológico nacional","BMAN"
"Boletín del Seminario de Estudios de Arte y Arqueología","BSEAA"
"Bolletino del Centro Inernazionale per lo Studio dei Papyri Ercolanesi (Cronache Ercolanesi)","BCPE"
"Bollettino d'arte del Ministero per i beni culturali e ambientali","BA"
"Bollettino dei classici","BollClass"
"Bollettino dei monumenti, musei e gallerie pontificie","BMMP"
"Bollettino della Badia Greca di Grottaferrata","BBGG"
"Bollettino di numismatica","BNum"
"Bollettino di studi latini: periodico quadrimestrale d'informazione bibliografica","BStudLat"
"Bonner Jahrbücher des Rheinischen Landesmuseums in Bonn und des Vereins von Altertumsfreunden im Rheinlande","BJ"
"British Archaeological Abstracts","BritAA"
"British Archaeological Bibliography","BritAB"
"British Journal for the History of Philosophy","BJHP"
"British Journal for the History of Science","BJHS"
"Bryn Mawr Classical Review","BMCRev"
"Bulletin Antieke Beschaving","BABesch"
"Bulletin archéologique du Comité des travaux historique","BCTH"
"Bulletin d'archéologie algérienne","BAA"
"Bulletin d'archéologie marocaine","BAM"
"Bulletin d'études orientales, publié par l'Institut Français de Damas","BEO"
"Bulletin d'information de l'Association internationale pour l'étude de la mosaïque antique","BullAIEMA"
"Bulletin de correspondance hellénique","BCH"
"Bulletin de l'Association Guillaume Budé","BAGB"
"Bulletin de l'Institut français d'archéologie orientale","BIAO"
"Bulletin de l'Institut historique belge de Rome","BIBR"
"Bulletin de la Classe des Lettres de l'Académie Royale de BelgiqueN","BAB"
"Bulletin de la Faculté des Lettres de Mulhouse","BFLM"
"Bulletin de la Société de linguistique de Paris","BSL"
"Bulletin de la Société française de numismatique","BSFN"
"Bulletin de la Société française de philosophie","BSPh"
"Bulletin de la Société internationale pour l'étude de la philosophie médiévale","BPHM"
"Bulletin de la Société nationale des antiquaires de France","BSAF"
"Bulletin de la Société toulousaine d'études classiques","BSTEC"
"Bulletin de littérature ecclésiastique","BLE"
"Bulletin des antiquités luxembourgeoises","BAL"
"Bulletin des Musées royaux d'Art et d'Histoire","BMAH"
"Bulletin de théologie ancienne et médiévale","BTh"
"Bulletin du Musée de Beyrouth","BMB"
"Bulletin of the American Schools of Oriental Research in Jerusalem and Baghdad","BASO"
"Bulletin of the American Society of Papyrologists","BASP"
"Bulletin of the Egyptological Seminar","BES"
"Bulletin of the History of Medicine","BHM"
"Bulletin of the Institute of Archaeology of the Univ. of London","BIAL"
"Bulletin of the Institute of Classical Studies of the University of London","BICS"
"Bulletin of the John Rylands Library","BRL"
"Bulletin of the Metropolitan Museum of Art","BMM"
"Bulletin of the Museum of Mediterranean and Near Eastern Antiquities","BMNE"
"Bulletin of the Museums of Art and Archaeology of the University of Michigan","BMUSUM"
"Bulletins de la Société des Antiquaires de l'Ouest","BSAO"
"Bulletins trimestriels de la Société des antiquaires de Picardie","BSAP"
"Bullettino dell'Istituto di Diritto romano","BIDR"
"Bullettino della Commissione Archeologica Comunale in Roma","BCAR"
"Byzantinische Forschungen: internationale Zeitschrift für Byzantinistik","ByzF"
"Byzantinische Zeitschrift","ByzZ"
"Byzantinoslavica: revue internationale des études byzantines","ByzSlav"
"Byzantion: revue internationale des études byzantines","Byzantion"
"Cahiers alsaciens d'archéologie, d'art et d'histoire","CAAH"
"Cahiers archéologiques: fin de l'antiquité et Moyen Âge","CArch"
"Cahiers d'histoire publ. par les Univ. de Clermont-Lyon-Grenoble","CH"
"Cahiers de l'Institut du Moyen Âge grec et latin","CIMA"
"Cahiers de Numismatique: bulletin de la Société d'études numismatiques et archéologiques","CahNum"
"Cahiers de philosophie politique et juridique","CPhPJ"
"Cahiers de recherches de l'Institut de Papyrologie et d'égyptologie de Lille III","CRIPEL"
"Cahiers des études anciennes","CEA"
"Cahiers du Centre d'études Chypriotes","CCEC"
"Cahiers du Centre Georges Radet","CCGR"
"Cahiers du Centre Gustave Glotz","CCG"
"Cahiers du groupe interdisciplinaire du théâtre antique (Cahiers du GITA)","CGITA"
"Cahiers Ferdinand de Saussure: review suisse de linguistique générale","CFS"
"Canadian Journal of Philosophy","CJPh"
"Canadian philosophical reviews","CPhRev"
"Canadian review of comparative literature","CRCL"
"Catholic Historical Review","CHR"
"Centre d'études et de documentation archéologique de la Conservation de Carthage. Bulletin","CEDAC"
"Chronique d'Egypte","CE"
"Church History","ChHist"
"Civiltà classica e cristiana","CCC"
"Classica: Boletim de pedagogia e cultura","Classica(Lisboa)"
"Classica: revista brasileira de estudos clássicos","Classica(Brasil)"
"Classica et mediaevalia: revue danoise d'histoire et de philologie publiée par la Société danoise pour les études anciennes et médiévales","C&M"
"Classical and Modern Literature","CML"
"Classical Antiquity","ClAnt"
"Classical Philology","CPh"
"Classical Quarterly","CQ"
"Classical Review","CR"
"Classical Studies","ClassStud"
"Clio Medica: acta Academiae internationalis historiae medicinae","CM"
"Codices manuscripti: Zeitschrift für Handschriftenkunde","CodMan"
"Colby Quarterly","ColbyQ"
"Comparative Literature","CompLit"
"Comparative Literature Studies","CLS"
"Comparative Studies in Society and History","CSSH"
"Comptes rendus de l'Académie des Inscriptions et Belles-Lettres","CRAI"
"Computers and the Humanitie","CHum"
"Connaissance hellénique","ConnHell"
"Contributi dell'Istituto di Storia antica dell'Univ. del Sacro Cuore","CISA"
"Corolla Londiniensis","CL"
"Cristianesimo nella storia: richerche storiche, esegetiche, teologiche","CrSt"
"Critica storica","CS"
"Cronache Ercolanesi","CronErc"
"Cuadernos de filología clásica. Estudios griegos e indoeuropeos.","CFC(G)"
"Cuadernos de filología clásica. Estudios latinos.","CFC(L)"
"Cuadernos de investigación filológica","CIF"
"Cuadernos de prehistoria i arqueología","CPAM"
"Cuaderns de prehistòria i arqueologia de Castelló","CPAC"
"Cultura e scuola","C&S"
"Damaszener Mitteilungen, hrsg. von dem Deutschen Archäologischen Institut (Station Damaskus)","MDAI(D)"
"Das Altertum, hrsg. vom Zentralinst. für Alte Gesch. und Archäol. der Dt. Akad. der DDR","Altertum"
"Der altsprachliche Unterricht: Arbeitshefte zu seiner wissenschaftlichen Begründung und praktischen Gestalt","AU"
"Deutsche Literaturzeitung für Kritik der internationalen Wissenschaft","DLZ"
"Deutsches Dante-Jahrbuch","DDJ"
"Dialoghi di archeologia","DArch"
"Dialogues d'histoire ancienne","DHA"
"Die Alte Stadt: Vierteljahreszeitschrift für Stadtgeschichte, Stadtsoziologie und Denkmalpflege","ASTADT"
"Die Welt des Orients: wissenschaftliche Beiträge zur Kunde des Morgenlandes","WO"
"Dissertations Abstracts: international abstracts of dissertation available in microfilm or as xerographic reproductions","DA"
"Downside Review","DR"
"Drevnejsije Gosudarstva na territorii SSSR (Les états les plus anciens sur le territoire de l'URSS: matériaux et recherches)","DGT"
"Dumbarton Oaks Papers","DOP"
"Durham University Journal","DUJ"
"East and West","E&W"
"Échos du monde classique (Classical Views)","EMC"
"Egitto e Vicino Oriente","EVO"
"Eikasmos: quaderni bolognesi di filologia classica","Eikasmos"
"Eirene: studia Graeca et Latina","Eirene"
"English Historical Review","EHR"
"Ensaios de literatura e filologia, publ. do Dept. de Letras clássicas, Fac. de Letras Univ. federal de Minas Gerais","ELF"
"Epeteris tes Hetaireias Eleiakon Meleton","EHEM"
"Epeteris tes Kentrou Ereunes tes Historias tou Hellenikou Dikaiou","EHHD"
"Ephemerides Theologicae Lovanienses","EThL"
"Epigraphica Anatolica: Zeitschrift für Epigraphik und historische Geographie Anatoliens","EA"
"Epistemonike epeterida tes philosophikes Scholes tou Aristoteleiou Panepistemiou Thessalonikes, Tmema philosophias","EEThess(philos)"
"Epistemonike epeteris tes philosophikes Scholes tou Panepistemiou Athenon","EEAth"
"Eranos: acta philologica Suecana","Eranos"
"Eranos-Jahrbuch","Eranos-Jb"
"Espacio, tiempo y forma: revista de la Facultad de Geografía e Historia, Ser. 1","ETF(arqueol)"
"Espacio, tiempo y forma: revista de la Facultad de Geografia e Historia, Ser. 2","ETF(hist)"
"Estudios clásicos: organo de la Sociedad espanola de estudios clásicos","EClás"
"Estudios de la antigüedad","EstAnt"
"Estudios humanisticos","EHum"
"Ethnographisch-archäologische Zeitschrift","EAZ"
"Études celtiques","EC"
"Études de lettres: bulletin de la Faculté des Lettres de l'Univ. de Lausanne et de la Soc. des études de Lettres","EL"
"Études indo-européennes","EIE"
"Études philosophiques","EPh"
"Excerpta philologica","ExcPhilol"
"Exemplaria: revista de literatura comparada","Exemplaria"
"Exemplaria Classica","ExClass"
"Gazette numismatique suisse","GNS"
"Geographia Antiqua","GeorgAnt"
"German Studies: a review of German-language research contributions. Sect. l: Philosophy and history","GS"
"Geschichte in Wissenschaft und Unterricht","GWU"
"Giornale critico della filosofia italiana","GCFI"
"Giornale di metafisica","GM"
"Giornale ferrarese di retorica e filologia","GFRF"
"Giornale italiano di filologia: rivista trimestrale di cultura","GIF"
"Gnomon: kritische Zeitschrift für die gesamte klassische Altertumswissenschaft","Gnomon"
"Göttinger Forum für Altertumswissenschaft","GFA"
"Göttingische Gelehrte Anzeigen","GGA"
"Graecolatina et Orientalia: zborník Filoz. Fak. Univerz. Komenského","GLO"
"Graecolatina Pragensia: acta Universitatis Carolinae","GLP"
"Grazer Beiträge: Zeitschrift für die klassische Altertumswissenschaft","GB"
"Greece and Rome","G&R"
"Greek, Roman and Byzantine Studies","GRBS"
"Hamburger Beiträge zur Archäologie","HBA"
"Hamburger Beiträge zur Numismatik","HBN"
"Harvard Library Bulletin","HLB"
"Harvard Studies in Classical Philology","HSPh"
"Harvard Theological Review","HThR"
"Hebrew Union College Annual","HebrUCA"
"Hefte des Archäologischen Seminars der Universität Bern","HASB"
"Ελληνικά: φιλολογικό, ιστορικό και λαογραφικό περιοδικό σύγγραμμα","Hellenica"
"Helvetia archaeologica","HA"
"Hermes: Zeitschrift für klassische Philologie","Hermes"
"Hispania antiqua: revista de historia antigua","HAnt"
"Histoire, épistémologie, langage","HEL"
"Histoire des sciences médicales","HSMed"
"Historia mathematica: international journal of the history of mathematics","HM"
"Historisches Jahrbuch","HJ"
"Historische Sprachforschung (Historical Linguistics)","HSF"
"Historische Zeitschrift","HZ"
"History and Philosophy of the Life Sciences","HPLS"
"History and Theory: studies in the philosophy of history","H&T"
"History of Philosophy Quarterly","HPhQ"
"History of political thought","HPTh"
"History of Religions","HR"
"History of Science","HS"
"History of Technology","HTechn"
"Humanistica Lovaniensia","HumLov"
"Hyperboreus: studia classica","Hyperboreus"
"Illinois Classical Studies","ICS"
"Il pensiero politico: rivista di storia delle idee politiche e sociali","PPol"
"Incontri linguistici","ILing"
"Indogermanische Forschungen","IF"
"Inozemna filologìâ (Philologie étrangère)","InFil"
"International journal of nautical archaeology","IJNA"
"International journal of philosophical studies","IJPS"
"International journal of the classical tradition","IJCT"
"International Philosophical Quarterly","IPQ"
"International Studies in Philosophy","ISPh"
"Invigilata lucernis: rivista dell'Istituto di Latino","InvLuc"
"Iranica antiqua","IA"
"Israel Exploration Journal","IEJ"
"Istoriko-filosofsky ezegodnik (History of philosophy yearbook), ed. by the Inst. of Philosophy of the Acad. of Sciences of URSS","IFE"
"Italia medioevale e umanistica","IMU"
"Jaarbericht van het Voor-Aziatisch-Egyptisch Genootschap Ex Oriente Lux","JVEG"
"Jahrbuch der Berliner Museen","JBerlM"
"Jahrbuch der Heidelberger Akad. der Wissenschaften","JHAW"
"Jahrbuch der Österreichischen Byzantinistik","JöByz"
"Jahrbuch der Schweizerischen Gesellschaft für Ur- und Frühgeschichte","JSGU"
"Jahrbuch des Deutschen Archäologischen Instituts","JDAI"
"Jahrbuch des Römisch-Germanischen Zentralmuseums","JRGZ"
"Jahrbuch für Antike und Christentum","JbAC"
"Jahrbuch für Numismatik und Geldgeschichte","JNG"
"Jahrbuch für Wirtschaftsgeschichte","JWG"
"Jahresberichte aus Augst und Kaiseraugst","JAK"
"Jahreshefte des Österreichischen Archäologischen Instituts","JöAI"
"Journal asiatique","JA"
"Journal des Savants","JS"
"Journal for the history of Arabic science","JHAS"
"Journal for the history of astronomy","JHA"
"Journal for the study of Judaism: (in the Persian, Hellenistic and Roman period)","JSJ"
"Journal of ancient civilizations","JAC"
"Journal of Biblical Literature","JBL"
"Journal of Classical Studies: the journal of the Class. Soc. of Japan","JCS"
"Journal of early Christian studies","JECS"
"Journal of Ecclesiastical History","JEH"
"Journal of Egyptian Archaeology","JEA"
"Journal of European archaeology","JEurArch"
"Journal of Field Archaeology","JFA"
"Journal of Glass Studies","JGS"
"Journal of Greco-Roman Studies","JGRS"
"Journal of Hellenic Studies","JHS"
"Journal of Indo-European Studies","JIES"
"Journal of Juristic Papyrology","JJP"
"Journal of Mediterranean archaeology","JMA"
"Journal of Near Eastern Studies","JNES"
"Journal of Philology","JPhil"
"Journal of Philosophy","JPh"
"Journal of prehistoric religion","JPR"
"Journal of Religion","JR"
"Journal of Religious History","JRH"
"Journal of Roman archaeology","JRA"
"Journal of Roman military equipment studies","JRMES"
"Journal of Roman Studies","JRS"
"Journal of the American Oriental Society","JAOS"
"Journal of the American Research Center in Egypt","JARCE"
"Journal of the Australasian Universities Language and Literature Association","AUMLA"
"Journal of the economic and social history of the Orient","JESHO"
"Journal of the history of biology","JHB"
"Journal of the History of Ideas","JHI"
"Journal of the History of Medicine and allied Sciences","JHM"
"Journal of the History of Philosophy","JHPh"
"Journal of the history of sexuality","JHSex"
"Journal of Theological Studies. Oxford, Clarendon Press","JThS"
"Journal of the Royal Asiatic Society of Great Britain and Ireland","JAS"
"Journal of the Society of Architectural Historians","JSAH"
"Journal of the Walters Art Gallery","JWAG"
"Journal of the Warburg and Courtauld Institutes","JWI"
"Kant-Studien: Philosophische Zeitschrift","KantStud"
"Κοινωνία","Koinonia"
"Koldewey-Gesellschaft, Vereinigung für baugeschichtliche Forschung e. V. Bericht über die Tagung für Ausgrabungswissenschaft und Bauforschung","KGB"
"Kölner Jahrbuch für Vor- und Frühgeschichte, hrsg. vom Römisch- Germanischen Museum und der Archäologischen Gesellschaft Köln","KJ"
"Kratkije soobseniâ Inst. arheol. Akad. Nauk SSSR","KSIA"
"Kul'tura iskusstvo anticnogo mira","KIAM"
"L'Année épigraphique","AnnEpigr"
"L'Année Philologique","APh"
"L'Antiquité classique","AC"
"L'Écrit du temps","EDT"
"L'Information grammaticale","IG"
"L'Information historique","IH"
"L'Information littéraire","IL"
"La linguistique","Ling"
"La Parola del passato: rivista di studi antichi","PP"
"Laval Théologique et Philosophique","LThPh"
"Le Genre humain","GH"
"Le Moyen Âge: revue trimestrielle d'histoire et de philologie","MA"
"Les Cahiers de Tunisie","CT"
"Les Études Classiques","LEC"
"Le Temps de la réflexion","TR"
"Libyan Studies","LibStud"
"Lingua e stile","L&S"
"Linguistica Biblica: interdisziplinäre Zeitschrift für Theologie und Linguistik","LingBibl"
"Listy filologické","LF"
"Litterae Numismaticae Vindobonenses","LNV"
"Littérature, médicine, société","LMS"
"Liverpool Classical Monthly","LCM"
"Maia: rivista di letterature classiche","Maia"
"Mainzer Archäologische Zeitschrift","MAZ"
"Mainzer Zeitschrift: Mittelrheinisches Jahrbuch für Archäologie, Kunst und Geschichte","MZ"
"Materiali e contributi per la storia della narrativa greco-latina","MCSN"
"Materiali e discussioni per l'analisi dei testi classici","MD"
"Mededelingen van de koninklijke Academie voor Wetensehappen, Letteren & Schone Kunsten van België, Kl. der Letteren","MAWBL"
"Mededelingen van het Nederlandsch historisch Instituut te Rome","MNIR"
"Mediaeval Studies","MS"
"Medical History: a quarterly journal devoted to the history of medicine and related sciences","MedHist"
"Medievalia et Humanistica: studies in medieval and Renaissance society","M&H"
"Medioevo greco","MEG"
"Mediterranean Archaeology: Australian and New Zealand journal for the archaeology of the Mediterranean world","MedArch"
"Mediterranean Historical Review, ed. by the Aranne School of History, Tel Aviv Univ","MHR"
"Medium Aevum","MAev"
"Medizin-historisches Journal","MHJ"
"Mélanges d'Archéologie et d'Histoire de l'école Française de Rome, Antiquité","MEFRA"
"Mélanges de l'école française de Rome. Moyen Âge et temps modernes","MEFRM"
"Mélanges de la Casa de Velázquez, Madrid","MCV"
"Mélanges de Science Religieuse","MSR"
"Mémoires de l'Académie des Inscriptions et Belles Lettres","MAI"
"Memorias de historia antigua","MHA"
"Memorie dell'Accademia delle Scienze dell'Istituto di Bologna, Cl. di Sc. morali","MAIB"
"Memorie dell'Accademia delle Scienze di Torino, Classe di Scienze morali, storiche e filologiche","MAT"
"Memorie dell'Ist. Lombardo, Accademia di Scienze e Lettere, Cl. di Lett., Sc. morali e storiche","MIL"
"Memorie della Classe di Scienze morali e storiche dell'Accademia dei Lincei","MAL"
"Metropolitan Museum Journal","MMJ"
"Militärgeschichtliche Mitteilungen","MGM"
"Minerva: revista de filología clásica","Minerva(vall)"
"Minerva: the international review of ancient art and archaeology","Minerva(lond)"
"Miscellanea greca e romana: studi pubblicati dall'Ist. italiano per la storia antica","MGR"
"Mitteilungen der Archäologischen Gesellschaft Steiermark","MAGS"
"Mitteilungen des Deutschen Archäologischen Instituts (Abt. Istambul)","MDAI(I)"
"Mitteilungen des Deutschen Archäologischen Instituts (Abt. Madrid)","MDAI(M)"
"Mitteilungen des Deutschen Archäologischen Instituts (Athen. Abt.)","MDAI(A)"
"Mitteilungen des Deutschen Archäologischen Instituts (Röm. Abt.)","MDAI(R)"
"Mitteilungen des Instituts für österreichische Geschichtsforschung","MIöG"
"Mitteilungen zur christlichen Archäologie","MiChA"
"Mittellateinisches Jahrbuch","MLatJB"
"Mnemosyne: bibliotheca classica Batava","Mnemosyne"
"Monumenti antichi, pubblicati dall'Accademia dei Lincei","MonAL"
"Monuments et mémoires publiés par l'Académie des Inscriptions et Belles-Lettres (Fondation Piot)","MMAI"
"Münchener Studien zur Sprachwissenschaft","MSS"
"Münsterische Beiträge zur antiken Handelsgeschichte","MBAH"
"Museo de Zaragoza, Boletín","BMZ"
"Museum Criticum","MCr"
"Museum Helveticum: revue suisse pour l'étude de l'Antiquité classique","MH"
"Museum Patavinum: rivista semestrale della Facoltà di Lettere e Filosofia di Padova","MusPat"
"Museum Philologum Londiniense","MPhL"
"Museum Tusculanum","MT"
"Nachrichten der Akademie der Wissenschaften in Göttingen, Philol.- Hist. Klasse","NAWG"
"Neuphilologische Mitteilungen","NphM"
"New England Classical Newsletter","NECN"
"Newsletter of the Society for ancient medicine and pharmacy","SAMPhN"
"New Testament Abstracts","NTA"
"New Testament Studies: an international journal publ. quarterly under the auspices of Studiorum Novi Testamenti Societas","NTS"
"Notizie degli scavi di antichità","NSA"
"Nouvelle Revue Théologique","NRTh"
"Novum Testamentum: an international quarterly for New Testament and related studies","NT"
"Numismatica e antichità classiche: quaderni ticinesi","NAC"
"Numismatic Chronicle","NC"
"Numismatic Circular","NCirc"
"Numismatic Literature","NL"
"Numismatika i èpigraphika","NE"
"Numismatisches Nachrichtenblatt: Organ des Verbandes der Dt. Münzvereine","NNB"
"Numismatische Zeitschrift","NZ"
"Nuova rivista storica","NRS"
"Nuovi annali della Facoltà di Magistero dell'Università di Messina","NAFM"
"Opuscula Atheniensia: acta Inst. Athen. Regni Sueciae","OAth"
"Opuscula Romana: acta Inst. Rom. Regni Sueciae","ORom"
"Oriens Antiquus: rivista del Centro per le Antichità e la Storia dell'Arte del vicino Oriente","OA"
"Oriens Christianus: Hefte für die Kunde des christlichen Orients","OC"
"Orientalia Christiana Periodica","OCP"
"Orientalia Lovaniensia Periodica","OLP"
"Orientalistische Literaturzeitung","OLZ"
"Orpheus: rivista di umanità classica e cristiana","Orpheus"
"Ostkirchliche Studien","OS"
"Oudheidkundige Mededelingen uit het Rijksmuseum van Oudheiden te Leiden","OMRL"
"Oxford Journal of Archaeology","OJA"
"Oxford Studies in Ancient Philosophy","OSAPh"
"Palestine Exploration Quarterly","PalEQ"
"Pamâtniki kul'tury (Monuments of culture: new discoveries)","PK"
"Papers of the British School at Rome","PBSR"
"Past and Present: a journal of historical Studies","P&P"
"Patma-banasirakan handes: revue historico-philologique","PBH"
"Perspektiven der Philosophie: neues Jahrbuch","PPH"
"Petronian Society Newsletter","PSN"
"Pharmacy in history","PhH"
"Philologia classica: recueil interuniversitaire périodique","PhilClass"
"Philological Quarterly","PhQ"
"Philologus: Zeitschrift für antike Literatur und ihre Rezeption","Philologus"
"Philosophia naturalis","PhN"
"Philosophical Review","PhR"
"Philosophical Studies","PhStud"
"Philosophischer Literaturanzeiger","PhLA"
"Philosophische Rundschau: eine Zeitschrift für philosophische Kritik","PhRdschau"
"Philosophisches Jahrbuch","PhJ"
"Philosophy and Literature","Ph&Lit"
"Philosophy and Phenomenological Research","Ph&PhenR"
"Philosophy and Rhetoric","Ph&Rh"
"Phoenix: journal of the Classical Association of Canada","Phoenix"
"Pitannâ klasicnoï filologìï (Questions de philologie classique)","PKFil"
"Praktika tes Akademias Athenon","PAA"
"Praktika tes en Athenais Archaiologikes Etaireias","PAAH"
"Proceedings of the American Catholic Philosophical Association","PACPhA"
"Proceedings of the American Philosophical Society","PAPHS"
"Proceedings of the Aristotelian Society","PAS"
"Proceedings of the Aristotelian Society. Supplementary volume.","PAS(suppl)"
"Proceedings of the British Academy","PBA"
"Proceedings of the Cambridge Philological Society","PCPhS"
"Proceedings of the Classical Association","PCA"
"Proceedings of the Royal Irish Academy","PRIA"
"Proceedings of the Virgil Society","PVS"
"Przeglad Historyczny","PHist"
"Quaderni catanesi di cultura classica e medievale","QCCCM"
"Quaderni catanesi di studi classici e medievali","QC"
"Quaderni dell'Ist. di Filosofia, Univ. degli Studi di Perugia, Fac. di Magistero","QIFP"
"Quaderni dell'Istituto di Archeologia e Storia antica dell'Univ. G. d'Annunzio, Chieti","QIASA"
"Quaderni dell'Istituto di Filologia Greca di Cagliari","QIFG"
"Quaderni dell'Istituto di Lingua e Letteratura latina. Università di Roma, Fac. di Magistero","QILL"
"Quaderni del Museo archeologico F. Ribezzo di Brindisi","QMAB"
"Quaderni di archeologia della Libia","QAL"
"Quaderni di Cultura e di Tradizione classica","QCTC"
"Quaderni di filologia classica dell'Università di Trieste, Ist. di Filol. class.","QFC"
"Quaderni di storia","QS"
"Quaderni linguistici e filologici: ricerche svolte presso l'Univ. degli Studi di Macerata","QLF"
"Quaderni urbinati di cultura classica","QUCC"
"Quarterly Journal of Speech","QJS"
"Rassegna storica salernitana","RSS"
"Reallexikon für Antike und Christentum","RLAC"
"Recherches augustiniennes (Supplément à REAug)","RecAug"
"Recherches de science religieuse","RecSR"
"Recherches de théologie ancienne et médiévale","RecTh"
"Rechtshistoriches Journal","RJ"
"Regulae Benedicti Studia: annuarium internationale","RBS"
"Religious Studies","RelStud"
"Renaissance Quarterly","RenQ"
"Rendiconti dell'Accademia di Archeologia, Lettere e Belle Arti di Napoli","RAAN"
"Rendiconti dell'Istituto Lombardo, Classe di Lettere, Scienze morali e storiche","RIL"
"Rendiconti della Pontificia Accademia di Archeologia","RPAA"
"Rendiconti dell’Accademia delle Scienze dell’Istituto di Bologna, Classe di Scienze Morali","RAIB"
"Report of the Department of Antiquities, Cyprus","RDAC"
"Report of the Keio Institute of Cultural and Linguistic Studies","RKI"
"Res publica litterarum: studies in the classical tradition","RPL"
"Review of Metaphysics","RMeta"
"Revista de estudios clásicos","REC"
"Revista de filosofía","RF(Argentina)"
"Revista de letras","RL"
"Revista española de linguística","REspLing"
"Revista latinoamericana de filosofía","RLAF"
"Revista venezolana de filosofía","RVF"
"Revue archéologique","RA"
"Revue archéologique de l'Est et du Centre-Est","RAE"
"Revue archéologique de Narbonnaise","RAN"
"Revue archéologique de Picardie","RAPic"
"Revue archéologique du Centre [de la France]","RACF"
"Revue belge d'archéologie et d'histoire de l'art","RBA"
"Revue belge de numismatique et de sigillographie","RBN"
"Revue belge de philologie et d'histoire","RBPh"
"Revue bénédictine","RBen"
"Revue biblique","RBi"
"Revue d'égyptologie","REgypt"
"Revue d'études ligures","RELig"
"Revue d'histoire de la pharmacie","RHPHARM"
"Revue d'histoire des sciences et de leurs applications","RHS"
"Revue d'histoire des textes","RHT"
"Revue d'histoire du droit (Tijdschrift voor Rechtsgeschiedenis)","RHD"
"Revue d'histoire ecclésiastique","RHE"
"Revue d'histoire et de philosophie religieuses","RHPhR"
"Revue de l'enseignement philosophique","REPh"
"Revue de l'histoire des religions","RHR"
"Revue de l'Université de Bruxelles","RUB"
"Revue de métaphysique et de morale","RMM"
"Revue de philologie, de littérature et d'histoire anciennes","RPh"
"Revue de philosophie ancienne","RPhA"
"Revue des études anciennes","REA"
"Revue des études arméniennes","REArm"
"Revue des études augustiniennes","REAug"
"Revue des études byzantines","REByz"
"Revue des études grecques","REG"
"Revue des études juives","REJ"
"Revue des études latines","REL"
"Revue des études sud-est européennes","RESE"
"Revue des questions scientifiques","RQS"
"Revue des sciences philosophiques et théologiques","RSPh"
"Revue des sciences religieuses","RSR"
"Revue de synthèse","RS"
"Revue de théologie et de philosophie","RThPh"
"Revue du Nord","RdN"
"Revue historique","RH"
"Revue historique de droit français et étranger","RD"
"Revue historique vaudoise","RHV"
"Revue informatique et statistique dans les sciences humaines","RISSH"
"Revue internationale d'onomastique","RIO"
"Revue internationale de philosophie","RIPh"
"Revue internationale des droits de l'Antiquité","RIDA"
"Revue numismatique","RN"
"Revue philosophique de la France et de l'étranger","RPhilos"
"Revue philosophique de Louvain","RPhL"
"Revue suisse d'art et d'archéologie","RSAA"
"Revue théologique de Louvain","RThL"
"Rheinisches Museum für Philologie","RhM"
"Ricerche teologiche","RicTeol"
"Riggisberger Berichte","RigBer"
"Rinascimento: rivista dell’Istituto Nazionale di Studi sul Rinascimento","Rinascimento"
"Rivista archeologica dell'antica provincia e diocesi di Como","RAComo"
"Rivista biblica","RivBibl"
"Rivista critica di storia della filosofia","RSF"
"Rivista degli studi orientali","RSO"
"Rivista dell'Istituto Nazionale di Archeologia e Storia dell'Arte","RIA"
"Rivista di archeologia","RdA"
"Rivista di archeologia cristiana","RAC"
"Rivista di cultura classica e medioevale","RCCM"
"Rivista di filologia e di istruzione classica","RFIC"
"Rivista di filosofia","RF(Bologna)"
"Rivista di filosofia neoscolastica","RFN"
"Rivista di storia della Chiesa in Italia","RSCI"
"Rivista di storia e letteratura religiosa","RSLR"
"Rivista di studi bizantini e neoellenici","RSBN"
"Rivista di studi bizantini e slavi","RSBS"
"Rivista di studi fenici, pubbl. dal Centro di studio per la civiltà fenicia e punica","RStudFen"
"Rivista di studi pompeiani","RSP"
"Rivista internazionale di filosofia del diritto","RIFD"
"Rivista italiana di numismatica e scienze affini","RIN"
"Rivista storica dell'Antichità","RSA"
"Rivista storica italiana","RSI"
"Roczniki humanistyczne","RocsHum"
"Roczniki humanistyczne. 3, Filologia klasyczna","RHum"
"Romanische Forschungen: Vierteljahresschrift für romanische Sprachen und Literaturen","RomForsch"
"Romanobarbarica: contributi allo studio dei rapporti culturali tra mondo latino e mondo barbarico","RomBarb"
"Römische Quartalschrift für christliche Altertumskunde und für Kirchengeschichte","RQA"
"Römisches österreich: Jahresschrift der Österreichischen Gesellschaft für Archäologie","Rö"
"Rudiae: ricerche sul mondo classico","Rudiae"
"Saalburg-Jahrbuch","SJ"
"Sacris Erudiri: jaarboek voor Godsdienstwetenschappen","SEJG"
"Sborník Prací Filosofické Fak. Brnenské Univ. Rada archeol. klas.","SPFB"
"Sborník Prací Filosofické Fakulty Brnenské University","SPFB(klas)"
"Scandinavian Journal of Theology","STh"
"Schede medievali: rassegna a cura dell'officina di studi medievali","SMed"
"Schriftenreihe für Geschichte der Naturwissenschaften, Technik und Medizin","NTM"
"Schweizerische numismatische Rundschau","SNR"
"Schweizerische Zeitschrift für Geschichte","SZG"
"Scripta classica Israelica: yearbook of the Israel Soc. for the promotion of classical Studies","SCI"
"Scriptorium: revue internationale des études relatives aux manuscrits","Scriptorium"
"Scrittura e Civiltà","S&C"
"Segno e testo","S&T"
"Seminari romani di cultura greca","SemRom"
"Siculorum Gymnasium: rassegna semestrale della Facoltà di Lettere e Filosofia dell'Università di Catania","SicGymn"
"Sitzungsberichte der Akademie der Wissenschaften in Berlin, Gesellschaftswissenschaften (G)","SAWDDR"
"Sitzungsberichte der Bayerischen Akademie der Wissenschaften, Philos.- Hist. Klasse","SBAW"
"Sitzungsberichte der Heidelberger Akademie der Wissenschaften, Philos.- Hist. Klasse","SHAW"
"Sitzungsberichte der Österreichischen Akademie der Wissenschaft in Wien, Philos.-Hist. Klasse","SAWW"
"Soobseniâ Gosudarstvennogo Èrmitaza (Reports of the Hermitage Museum)","SGE"
"Sources: travaux historiques","STHist"
"Sovetskaja arheologia","SA"
"Sprachkunst. Beiträge zur Literaturwissenschaft","Sprachkunst"
"Storia della storiografia","SStor"
"Studia et Documenta Historiae et Iuris","SDHI"
"Studia historica historia antigua","SHHA"
"Studia linguistica: revue de linguistique générale et comparée","SL"
"Studia monastica","StudMon"
"Studia Oliveriana","SOliv"
"Studia Patavina: rivista di scienze religiose","StudPat"
"Studia philologica Salmanticensia. Univ. de Salamanca, Acta Salm. Filos. y Letras","SPhS"
"Studia philosophica: annuaire de la Société suisse de philosophie","StudPhil"
"Studia Picena","StudPic"
"Studia Zamorensia","SZ"
"Studi classici e orientali","SCO"
"Studi e materiali di storia delle religioni","SMSR"
"Studien zum Buch- und Bibliothekswesen","SBB"
"Studi e ricerche dell'Ist. di Civilità classica, cristiana, medievale","SRIC"
"Studi e saggi linguistici","SSL"
"Studies in history and philosophy of science","SHPS"
"Studies in Language: international journal sponsored by the Foundations of Language","StudLang"
"Studies in Philology","SPh"
"Studies in religion (Sciences religieuses)","SR"
"Studi etruschi. Roma, Giorgio Bretschneider","SE"
"Studi genuensi","SG"
"Studii Clasice","StudClas"
"Studi italiani di filologia classica","SIFC"
"Studi italiani di linguistica teorica e applicata","SILTA"
"Studi magrebini","StudMagr"
"Studi medievali","StudMed"
"Studi micenei ed egeo-anatolici","SMEA"
"Studi romagnoli","StudRomagn"
"Studi romani: rivista bimestrale dell'Istituto di Studi Romani","StudRom"
"Studi salentini","StudSal"
"Studi sardi","SS"
"Studi storici: rivista trimestrale dell'Ist. Gramsci","StudStor"
"Studium Ovetense: revista del Centro sup. de EStudios eclesiásticos La Asunción","StudOv"
"Studi urbinati di storia, filosofia e letteratura","StudUrb(B)"
"Stylus: cuadernos de filología","Stylus"
"Sudhoffs Archiv: Zeitschrift für Wissenschaftsgeschichte","ZWG"
"Syllecta classica","SyllClass"
"Symbolae Osloenses, auspiciis Societatis Graeco-Latine","SO"
"Symbolae Philologorum Posnanensium","SPhP"
"Technology and Culture","T&C"
"The Ancient History Bulletin","AHB"
"The Ancient World","AncW"
"The Annual of the American Schools of Oriental Research","AASO"
"The Antiquaries Journal: being the Journal of the Society of Antiquaries of London","AntJ"
"The Archaeological Journal","AJ"
"The Art Bulletin: a quarterly published by the College Art Association of America","ABull"
"The Bodleian Library Record","BLR"
"The Classical Bulletin","CB"
"The Classical Journal","CJ"
"The Classical Outlook: journal of the American Classical League","CO"
"The Classical World","CW"
"The Geographical Journal","GJ"
"The J. Paul Getty Museum Journal","GMusJ"
"The Journal of the British Archaeological Association","JBAA"
"The Modern Schoolman: a quarterly Journal of Philosophy","ModSch"
"Theological Studies","ThS"
"Theologie und Philosophie","Th&Ph"
"Theologische Literaturzeitung: Monatsschrift für das gesamte Gebiet der Theologie und Religionswissenschaft","ThLZ"
"Theologische Quartalschrift","ThQ"
"Theologische Revue","ThRev"
"Theologische Rundschau","ThRdschau"
"Theologische Zeitschrift","ThZ"
"Theoria: a Swedish journal of philosophy and psychology","Theoria"
"The Philosophical Forum: a philosophical quarterly publ. with the cooper. of the Dept. of Philosophy of Boston Univ.","PF"
"The Philosophical Quarterly","PhilosQ"
"The second century: a journal of early Christian studies","SCent"
"The Studia Philonica Annual: studies in Hellenistic Judaism","StudPhilon"
"The Times Literary Supplement","TLS"
"The Yale Journal of Criticism","YJC"
"Tijdschrift voor filosofie","TF"
"Tijdschrift voor geschiedenis","TG"
"Topoi: an international review of philosophy","Topoi(Dordrecht)"
"Topoi: Orient-Occident","Topoi(Lyon)"
"Traditio: studies in ancient and medieval history, thought, and religion","Traditio"
"Transactions and Proceedings of the American Philological Association","TAPhA"
"Transactions of the American Philosophical Society","TAPhS"
"Transactions of the Philological Society","TPhS"
"Travaux du Cercle linguistique d'Aix-en-Provence","TCLA"
"Travaux et mémoires du Centre de recherches d'hist. et civil. byzantines","T&MBYZ"
"Travaux neuchâtelois de linguistique","TraNeL"
"Trends in Classics","TC"
"Trésors monétaires","TMon"
"Trierer Zeitschrift, für Geschichte und Kunst des Trierer Landes und seiner Nachbargebiete","TZ"
"Trinity Journal, publ. by Trinity Evangelical Divinity School","TJ"
"Trudy gosudarstbennogo Èrmitaza (travaux du Musée d'État de l'Ermitage)","TÈ"
"Ugarit-Forschungen","UF"
"Veleia: revista de prehistoria, historia antigua, arqueologá y filología clásicas","Veleia"
"Verbum: revue de linguistique publ. par l'Univ. de Nancy II","Verbum"
"Verkundigung und Forschung: Wissenschaft vom Neuen Testament. Beitr. zu Evangelische Theologie","V&F"
"Vestnik Drevnej Istorii (Revue d'Histoire ancienne)","VDI"
"Vestnik Leningradskogo Universiteta, Ser. 2, Istor.","VLUIST"
"Vestnik Leningradskogo Universiteta, Ser. 6, Filos.","VLUFILOS"
"Vestnik Moskovskogo Universiteta (filol. sekcija)","VMUFILOL"
"Vestnik Moskovskogo Universiteta (filos. sekcija)","VMUFILOS"
"Vestnik Moskovskogo Universiteta (ist. sekcija)","VMUIST"
"Vetera Christianorum","VetChr"
"Vetus Testamentum: quarterly publ. by the International Organization of Old Testament Scholars","VT"
"Vichiana: rassegna di studi filologici e storici","Vichiana"
"Vigiliae Christianae: a review of early Christian life and language","VChr"
"Visible Religion: annual for religious iconography","VRel"
"Vita Latina","VL"
"Vivarium: a journal for mediaeval philosophy and the intellectual life of the Middle Ages","Vivarium"
"Voprosy âzykoznaniâ (Problèmes de linguistique)","Vopåz"
"Voprosy filosofii (Problèmes de philosophie)","VopFilos"
"Voprosy istorii (Problèmes d'histoire)","VopIst"
"Voprosy klassiceskoj Filologii","VKF"
"Vox Latina: commentarii periodici","VoxLat"
"Vox Patrum","VoxP"
"Vox Romanica: annales Helvetici explorandis Linguis Romanicis destinati","VR"
"Wiener humanistische Blätter","WHB"
"Wiener Studien: Zeitschrift für klassische Philologie und Patristik","WS"
"Wissenschaftliche Zeitschrift der Ernst-Moritz-Arndt-Univ., Greifswald, Gesellsch.- & sprachwiss. Reihe.","WZGREIFS"
"Wissenschaftliche Zeitschrift der Friedrich-Schiller-Univ. Jena, Gesellsch.- & sprachwiss. Reihe.","WZJENA"
"Wissenschaftliche Zeitschrift der Humboldt-Univ. Berlin, Gesellsch.- & sprachwiss. Reihe","WZBERLIN"
"Wissenschaftliche Zeitschrift der Karl-Marx-Univ. Leipzig, Gesellsch.- & sprachwlss. Reihe.","WZLEIPZIG"
"Wissenschaftliche Zeitschrift der Martin-Luther-Univ. Halle-Wittenberg","WZHALLE"
"Wissenschaftliche Zeitschrift der Wilhelm-Pieck-Univ. Rostock Gesellsch.- & sprachwiss. Reihe.","WZROSTOCK"
"Wort und Dienst: Jahrbuch der kirchlichen Hochschule Bethel (bei Bielefeld)","W&D"
"Würzburger Jahrbücher für die Altertumswissenschaft","WJA"
"Yale Classical Studies","YCIS"
"Yale University Library Gazette","YLG"
"Zeitschrift der Deutschen Morgenländischen Gesellschaft","ZDMG"
"Zeitschrift der Savigny-Stiftung für Rechtsgeschichte (Romanistische Abteilung)","ZRG"
"Zeitschrift des Deutschen Palästina-Vereins","ZPalV"
"Zeitschrift für ägyptische Sprache und Altertumskunde","ZAS"
"Zeitschrift für antikes Christentum","ZAC"
"Zeitschrift für Archäologie","ZfA"
"Zeitschrift für die Alttestamentliche Wissenschaft","ZATW"
"Zeitschrift für die Neutestamentliche Wissenschaft und die Kunde der älteren Kirche","ZNTW"
"Zeitschrift für Katholische Theologie","ZKTh"
"Zeitschrift für Kirchengeschichte","ZKG"
"Zeitschrift für Papyrologie und Epigraphik","ZPE"
"Zeitschrift für Philosophische Forschung","ZPhF"
"Zeitschrift für Religions- und Geistesgeschichte","ZRGG"
"Zeitschrift für Romanische Philologie","ZRPh"
"Zeitschrift für Semiotik","ZS"
"Zeitschrift für Vergleichende Sprachforschung","ZVS"
"Zentralblatt für Bibliothekswesen","ZBB"
"Ziva Antika (Antiquité vivante)","ZAnt"
"Zprávy Jednoty Klasickaych Filologu","ZJKF"
"Νέα Ῥώμη. Rivista di ricerche bizantinistiche","Nea Rhome"
