"Archäologischer Anzeiger","AA"
"Αρχαιολογικά Ανάλεκτα εξ Αθηνών","AAA"
"Archeologia delle acque. Rivista semestrale di antropologia, archeologia, etnografia, storia dell'acqua","AAcque"
"The Archaeological Advertiser","AAdv"
"Annual of the Department of Antiquities of Jordan","AAJ"
"Archeologia delle Alpi","AAlpi"
"Aarbøger for nordisk oldkyndighed og historie","AarbKøb"
"Archeologia dell'architettura","AArchit"
"Les annales archéologiques arabes syriennes","AAS"
"The Annual of the American Schools of Oriental Research","AASOR"
"Archäologische Ausgrabungen in Baden-Württemberg","AausgrBadWürt"
"Archaeologia Austriaca","AAustr"
"Archäologische Berichte aus dem Yemen","ABADY"
"Abhandlungen der Deutschen Akademie der Wissenschaften zu Berlin","AbhBerlin"
"Abhandlungen der Rheinisch-Westfälischen Akademie der Wissenschaften","AbhDüsseldorf"
"Abhandlungen der Akademie der Wissenschaften zu Göttingen. Philologisch-Historische Klasse","AbhGoettingen"
"Abhandlungen der Sächsischen Akademie der Wissenschaften zu Leipzig. Philologisch-Historische Klasse","AbhLeipzig"
"Akademie der Wissenschaften und der Literatur in Mainz. Abhandlungen der Geistes- und Sozialwissenschaftlichen Klasse","AbhMainz"
"Bayerische Akademie der Wissenschaften. Philosophisch-Historische Klasse. Abhandlungen","AbhMünchen"
"Archéologie en Bretagne. Bulletin d'information","ABret"
"Abr-Nahrain. An Annual Published by the Department of Middle Eastern Studies, University of Melbourne","Abr-Nahrain"
"Archaeologia Bulgarica","ABulg"
"J. D. Beazley, Attic Black-figure Vase-painters (Oxford 1956)","ABV"
"Archeologia e calcolatori","ACalc"
"Archeologia in Campania. Bolletino di informazioni a cura della Soprintendenza archeologica delle province di Napoli e Caserta","ACamp"
"Archaeologia Cantiana","ACant"
"Accademie e biblioteche d'Italia","AcBibl"
"Achse, Rad und Wagen. Beiträge zur Geschichte der Landfahrzeuge","Achse"
"Acme. Annali della Facoltà di lettere e filosofia dell'Università degli studi di Milano","Acme"
"Acontia. Revista de arqueología","Acontia"
"Archeologia corsa","ACors"
"Acta ad archaeologiam et artium historiam pertinentia","ActaAArtHist"
"Acta ad archaeologiam et artium historiam pertinentia. Series altera in 8","ActaAArtHist SA"
"Acta Academiae Aboensis","ActaAcAbo"
"Acta archaeologica Carpathica","ActaACarp"
"Acta archaeologica Lovaniensia","ActaALov"
"Acta archaeologica Lovaniensia. Monographiae","ActaALovMono"
"Acta antiqua Academiae scientiarum Hungaricae","ActaAntHung"
"Acta archaeologica. København","ActaArch"
"Acta archaeologica Academiae scientiarum Hungaricae","ActaArchHung"
"Acta Instituti Atheniensis regni Sueciae","ActaAth"
"Acta classica. Proceedings of the Classical Association of South Africa","ActaCl"
"Acta classica Universitatis scientiarum Debreceniensis","ActaClDebrec"
"Acta historica. Societas academica Dacoromana","ActaHistDac"
"Acta hyperborea. Danish Studies in Classical Archaeology","ActaHyp"
"Acta Instituti Romani Finlandiae","ActaInstRomFin"
"Acta Musei Napocensis","ActaMusNapoca"
"Acta Musei Porolissensis","ActaMusPorol"
"Acta numismática (Barcelona)","ActaNum"
"Acta orientalia (Kopenhagen)","ActaOr"
"Acta orientalia Academiae scientiarum Hungaricae","ActaOrHung"
"Acta philologica. Societas academica Dacoromana","ActaPhilSocDac"
"Acta praehistorica et archaeologica","ActaPraehistA"
"Acta Universitatis Nicolai Copernici. Archaeologia","ActaTorunA"
"Acta Universitatis Nicolai Copernici. Historia","ActaTorunHist"
"Antike Denkmäler","AD"
"Abhandlungen des Deutschen Archäologischen Instituts, Abteilung Kairo","ADAIK"
"Adalya. Annual of the Suna & Inan Kiraç-Research Institute on Mediterranean Civilizations","Adalya"
"Αρχαιολογικόν Δελτίον (Μελέτες)","ADelt A"
"Αρχαιολογικόν Δελτίον (Χρονικά)","Adelt B"
"Arkeoloji dergisi. Ege Üniversitesi Edebiyat Fakültesi","ADerg"
"Ausgrabungen der Deutschen Forschungsgemeinschaft in Uruk-Warka","ADFU"
"Annali dell'Instituto di corrispondenza archeologica","AdI"
"Abhandlungen der Deutschen Orient-Gesellschaft","ADOG"
"Adumatu. A Semi-Annual Archeological Refereed Journal on the Arab World","Adumatu"
"L'année épigraphique","AE"
"Aegean Archaeology","AeA"
"Aegaeum. Annales d'archéologie égéenne de l'Université de Liège","Aegaeum"
"Ägypten und Levante. Egypt and the Levant. Internationale Zeitschrift für ägyptische Archäologie und deren Nachbargebiete","ÄgLev"
"Archeologia dell'Emilia-Romagna","AEmil"
"Αρχαιολογική Eφημερίς","AEphem"
"Atene e Roma","AeR"
"Το Αρχαιολογικό Έργο στη Μακεδονία και Θράκη","AErgoMak"
"Archaeologiai értesitő","AErt"
"Archivo español de arqueología","AEspA"
"Aevum. Rassegna di scienze storiche linguistiche e filologiche","Aevum"
"Aevum antiquum","AevumAnt"
"Archäologische Forschungen","AF"
"Archiv für Orientforschung","AfO"
"Africa. Institut national d'archéologie et d'art, Tunis","Africa"
"Antike Gemmen in deutschen Sammlungen","AGD"
"Archaeologia geographica","AGeo"
"The Athenian Agora","Agora"
"Excavations of the Athenian Agora. Picture Book","AgoraPB"
"Arqueologia e história","AHist"
"Archaeological and Historical Studies. The Archaeological Society of Alexandria","AHistStAlex"
"W. von Soden, Akkadisches Handwörterbuch (Wiesbaden 1965--1981)","AHw"
"Archäologie in Deutschland","AiD"
"Archäologische Informationen. Mitteilungen zur Ur- und Frühgeschichte","AInf"
"Annali dell'Istituto universitario orientale di Napoli. Dipartimento di studi del mondo classico e del Mediterraneo antico. Sezione di archeologia e storia antica","AIONArch"
"Annali dell'Istituto universitario orientale di Napoli. Dipartimento di studi del mondo classico e del Mediterraneo antico. Sezione filologicoletteraria","AIONFil"
"Annali dell'Istituto universitario orientale di Napoli. Dipartimento di studi del mondo classico e del Mediterraneo antico. Sezione linguistica","AIONLing"
"Annuaire de l'Institut de philologie et d'histoire orientales et slaves (Université Libre de Bruxelles)","AIPhOr"
"Aitna. Quaderni di topografia antica","Aitna"
"American Journal of Archaeology","AJA"
"Das archäologische Jahr in Bayern","AJahrBay"
"American Journal of Philology","AJPh"
"Archaeologia Jugoslavica","AJug"
"Archäologisches Korrespondenzblatt","AKorrBl"
"Alba Regia. Annales Musei Stephani regis","AlbaRegia"
"Alma mater studiorum Almanacco calabrese Almoraima","AlmaMaterSt"
"Österreichische Akademie der Wissenschaften. Almanach","AlmanachWien"
"'Alon mahleqat ha-'atiqot šel medinat Jisra'el","AlonJisrael"
"Al-Qanniš. Boletín del Taller de arqueología de Alcañiz","Al-Qannis"
"Altamura. Bollettino dell'Archivio-biblioteca-museo civico","Altamura"
"Alto medioevo","AltoMed"
"Ausgrabungen in Alt-Paphos auf Cypern","Alt-Paphos"
"Alt-Thüringen","AltThür"
"Mitteilungen des Deutschen Archäologischen Instituts, Athenische Abteilung","AM"
"Archaeologia medievale. Cultura materiale, insediamenti, territorio","AMediev"
"Advances in Archaeological Method and Theory","AMethTh"
"Archäologische Mitteilungen aus Iran","AMI"
"Archäologische Mitteilungen aus Iran und Turan","AMIT"
"American Journal of Ancient History","AmJAncHist"
"American Journal of Numismatics","AmJNum"
"Arheologia Moldovei","AMold"
"Archaeologia Mosellana","AMosel"
"Asia Minor Studien","AMS"
"American Studies in Papyrology","AmStP"
"Antike Münzen und geschnittene Steine","AMuGS"
"Archäologisches Nachrichtenblatt","ANachr"
"Archäologische Nachrichten aus Baden","ANachrBad"
"Anadolu araştırmaları. Jahrbuch für kleinasiatische Forschung","AnadoluAra"
"Anadolu Medeniyetleri Müzesi konferansları","AnadoluKonf"
"Anadolu Medeniyetleri Müzesi yıllığı","AnadoluYil"
"Analecta Aegyptiaca","AnAe"
"Anagennesis. A Papyrological Journal","Anagennesis"
"Analecta Bollandiana","AnalBolland"
"Analecta papyrologica","AnalP"
"Analecta Romana Instituti Danici","AnalRom"
"Anuario arqueológico de Andalucía","AnArqAnd"
"Anas. Museo nacional de arte romano de Mérida","Anas"
"Anatolian Archaeology. Reports on Research Conducted in Turkey","AnatA"
"Anatolia. Revue annuelle de l’Institut d’archéologie de l’Université d’Ankara","Anatolia"
"Archäologie und Naturwissenschaften","ANaturwiss"
"Ancient Civilizations from Scythia to Siberia. An International Journal of Comparative Studies in History and Archaeology","AncCivScytSib"
"The Ancient History Bulletin","AncHistB"
"The Ancient India","AncInd"
"Ancient Near Eastern Studies. An Annual","AncNearEastSt"
"Anales de arqueología cordobesa","AnCord"
"Ancient Society","AncSoc"
"The Ancient World","AncW"
"Ancient West and East","AncWestEast"
"Annali Zavoda za povijesne znanosti Istraivakog centra Jugoslavenske akademije znanosti i umjetnosti u Dubrovniku","AnDubr"
"Archaeological News","ANews"
"Archéologie du Nil moyen","ANilMoy"
"The Archaeological News Letter","ANL"
"Anais do municípo de Faro","AnMunFaro"
"Anales de prehistoria y arqueología. Universidad de Murcia","AnMurcia"
"Annuario. Accademia etrusca di Cortona","AnnAcEtr"
"Annuario della Accademia delle scienze di Torino","AnnAcTorino"
"Annali. Sezione di archeologia e storia antica. Istituto universitario orientale di Napoli. Dipartimento di studi del mondo classico e del Mediterraneo antico","AnnAStorAnt"
"Annali della Facoltà di lettere e filosofia, Università degli Studi, Bari","AnnBari"
"Annali Benacensi","AnnBenac"
"Annuario bibliografico di archeologia. Modena","AnnBiblAModena"
"Annuario bibliografico di archeologia. Nuove accessioni del \ldots. Biblioteca dell’Istituto nazionale di archeologia e storia dell’arte, Roma","AnnBiblARom"
"Annual Byzantine Studies Conference. Abstracts of Papers","AnnByzConf"
"Annnali della Facoltà di lettere e filosofia dell'Università di Cagliari","AnnCagl"
"Annali della Facoltà di magistero dell'Università di Cagliari","AnnCaglMag"
"Annales. Economies, sociétés, civilisations","AnnEconSocCiv"
"Annual Egyptological Bibliography","AnnEgBibl"
"Annales d'Éthiopie","AnnEth"
"Annali della Fondazione per il Museo Claudio Faina","AnnFaina"
"Annales d'histoire et d'archéologie","AnnHistA"
"Annales. Histoire, sciences sociales","AnnHistScSoc"
"Annuario. Istituto giapponese di cultura in Roma","AnnIstGiapp"
"Annali. Istituto italiano di numismatica","AnnIstItNum"
"Annali dell'Università di Lecce. Facoltà di lettere e filosofia e di magistero","AnnLecce"
"The Annual of Leeds University Oriental Society","AnnLeedsUnOrSoc"
"Annali della Facoltà di lettere e filosofia, Università di Macerata","AnnMacerata"
"Nuovi annali della Facoltà di magistero dell'Università di Messina","AnnMessMag"
"Annali del Museo civico di Rovereto. Sezione archeologia, storia, scienze naturali","AnnMusRov"
"Annali della Facoltà di lettere e filosofia, Università di Napoli","AnnNap"
"Les annales des pays Nivernais","AnnNivern"
"Annali. Associazione nomentana di storia e archeologia","AnnNoment"
"Annali. Rivista del Dipartimento di studi asiatici e del Dipartimento di studi e ricerche su Africa e paesi arabi, Istituto universitario orientale di Napoli","AnnOrNap"
"Annotazioni numismatiche","AnnotNum"
"Annali della Facoltà di lettere e filosofia, Università degli studi di Perugia, 1. Studi classici","AnnPerugia"
"Annali della Scuola normale superiore di Pisa","AnnPisa"
"Annuario della Pontificia accademia romana di archeologia","AnnPontAcRom"
"Annual Report of Council. British School of Archaeology at Athens","AnnRepBSA"
"Annual Report of the Department of Antiquities, Republic of Cyprus","AnnRepCypr"
"The Annual Report of the Fogg Art Museum","AnnRepFoggArtMus"
"Annali della Facoltà di lettere e filosofia, Università di Siena","AnnSiena"
"Annuario della Accademia nazionale dei Lincei","AnnuarioAcLinc"
"Annuario. Liceo-ginnasio statale G. Palmieri, Lecce","AnnuarioLecce"
"Annales Universitatis scientiarum Budapestinensis de Rolando Eötvös nominatae","AnnUnBud"
"Annual (Report). Worcester Art Museum","AnnWorcArtMus"
"Anodos. Studies of Ancient World","Anodos"
"Analecta orientalia. Commentationes scientificae de rebus orientis antiqui","AnOr"
"Aufstieg und Niedergang der römischen Welt","ANRW"
"Der Anschnitt. Mitteilungsblatt der Vereinigung der Freunde von Kunst und Kultur im Bergbau","Anschnitt"
"Museum Notes. American Numismatic Society","ANSMusNotes"
"Anatolian Studies","AnSt"
"Antaeus. Communicationes ex Instituto archaeologico Academiae scientiarum hungaricae","Antaeus"
"Antiquités africaines","AntAfr"
"Antike und Christentum","AntChr"
"L'antiquité classique","AntCl"
"Ανθρωπολογικά και Αρχαιολογικά Χρονικά","AnthrAChron"
"Άνθρωπος. Όργανο της Ανθρωπολογικής Εταιρείας Ελλάδος","Anthropos"
"Antichthon. Journal of the Australian Society for Classical Studies","Antichthon"
"Antigüedad y cristianismo. Monografías históricas sobre la antigüedad tardía","AntigCr"
"Antipolis. A Journal of Mediterranean Archaeology","Antipolis"
"Antiqua. Rivista dell'Archeoclub d'Italia","Antiqua"
"Antiquity. A Quarterly Review of Archaeology","Antiquity"
"The Antiquaries Journal","AntJ"
"Antike Kunst","AntK"
"Antiquités nationales. Saint-Germain-en-Laye","AntNat"
"Antichità pisane","AntPisa"
"Antike Plastik","AntPl"
"Antiquity and Survival","AntSurv"
"Antiquité tardive. Revue internationale d'histoire et d'archéologie","AntTard"
"Anzeiger für die Altertumswissenschaft","AnzAW"
"Anzeiger. Österreichische Akademie der Wissenschaften, Philosophisch-Historische Klasse","AnzWien"
"Alter Orient und Altes Testament. Veröffentlichungen zur Kultur und Geschichte des Alten Orients und des Alten Testaments","AOAT"
"Altorientalische Forschungen","AoF"
"Archeologičeskie otkrytija","AOtkryt"
"Archeologični pamjatki URSR","APamKiiv"
"L'année philologique","APh"
"Archaeologia Polona","APol"
"Apollo. Bolletino dei musei provinciali del Salernitano","Apollo"
"Apollo. The International Magazine of the Arts","ApolloLond"
"O arqueólogo português","APort"
"Appunti romani di filologia. Studi e comunicazioni di filologia, linguistica e letteratura greca e latina","AppRomFil"
"Arheološki pregled. Arheološko društvo Jugoslavije","APregl"
"Apulum. Acta Musei Apulensis","Apulum"
"Aquila legionis. Cuadernos des estudios sobre el ejército romano","AquiLeg"
"Aquileia nostra. Bollettino dell'Associazione nazionale per Aquileia","AquilNost"
"Aquitania. Une revue inter-régionale d'archéologie","Aquitania"
"Arabian Archaeology and Epigraphy","ArabAEpigr"
"Arheolokiradovi i rasprave","ARadRaspr"
"Arbeits- und Forschungsberichte zur sächsischen Bodendenkmalpflege","ArbFBerSaechs"
"Archäographie. Archäologie und elektronische Datenverarbeitung","Archäographie"
"Archaeologia or Miscellaneous Tracts Relating to Antiquity Published by the Society of Antiquaries of London","Archaeologia"
"Archaeology. A Magazine Dealing with the Antiquity of the World","Archaeology"
"Archaeometry. Bulletin of the Research Laboratory for Archaeology and History of Art, Oxford University","Archaeometry"
"Αρχαιογνωσία","Archaiognosia"
"Archiv für Begriffsgeschichte","ArchBegriffsGesch"
"Αρχείον των Βυζαντινών Μνημείων της Ελλάδος","ArchByzMnem"
"Archeologia classica","ArchCl"
"Archeo. Attualità del passato","Archeo"
"Archeografo triestino","ArcheogrTriest"
"Archeologia, Paris. L'archéologie dans le monde et tout ce qui concerne les recherches historiques, artistiques et scientifiques sur terre et dans les mers","ArcheologiaParis"
"Archeologia. Rivista bimestrale. Roma","ArcheologiaRoma"
"Archeologia. Rocznik Instytutu archeologii i etnologii, Polskiej akademii nauk","ArcheologiaWarsz"
"Archeologija. Nacional'na akademija nauk Ukraini. Institut archeologii","ArcheologijaKiiv"
"Archeologija. Organ na Archeologičeskija institut i muzej (pri Bălgarskata akademii nauk)","ArcheologijaSof"
"Αρχείον Ευβοϊκών Μελετών","ArchEubMel"
"Archaeologia Homerica","ArchHom"
"Architectura. Zeitschrift für Geschichte der Baukunst","Architectura"
"Archivi. Archivi d'Italia e rassegna internazionale degli archivi","Archivi"
"Archiv für Papyrusforschung und verwandte Gebiete","ArchPF"
"Archivo de prehistoria levantina","ArchPrehistLev"
"Archiv für Religionsgeschichte","ArchRel"
"Archivio storico per la Calabria e la Lucania","ArchStorCal"
"Archivio storico pugliese","ArchStorPugl"
"Archivio della Società romana di storia patria","ArchStorRom"
"Archivio storico per la Sicilia orientale","ArchStorSicOr"
"Archivio storico siracusano","ArchStorSir"
"Arctos. Acta philologica Fennica","Arctos"
"Archaeological Reports","ARepLond"
"Argo. časopis slovenskih muzejev, Narodni Muzej Slovenije","Argo"
"Archív orientální. Quarterly Journal of African and Asian Studies","ArOr"
"Archív orientální. Quarterly Journal of African, Asian and Latin American Studies. Monografie Archívu orientálního","ArOrMono"
"Archív orientální. Quarterly Journal of African, Asian and Latin American Studies. Supplementa","ArOrSuppl"
"Archeologické rozhledy","ARozhl"
"Arquivo de Beja. Boletim, estudos, arquivo","ArqBeja"
"Arse. Boletín del Centro arqueológico saguntino","Arse"
"Ars Georgica","ArsGeorg"
"Arte antica e moderna","ArtAntMod"
"Art et archéologie en Rhône-Alpes","ArtARhone"
"Artibus Asiae","ArtAs"
"The Art Bulletin","ArtB"
"Art Journal","ArtJ"
"Arte lombarda","ArtLomb"
"Arte medievale","ArtMediev"
"Arts in Virginia","ArtVirg"
"J. D. Beazley, Attic Red-figure Vase-painters \textsuperscript{2}(Oxford 1963)","ARV2"
"Archäologie in Sachsen-Anhalt","ASachs"
"Annales du Service des antiquités de l’Égypte","ASAE"
"Archäologische Sammlung der Universität Zürich","ASammlUnZuerch"
"Annuario della Scuola archeologica di Atene e delle missioni italiane in Oriente","ASAtene"
"Archeologičeskij sbornik. Gosudarstvennyj ordena Lenina Ermitaž","ASbor"
"Archäologie der Schweiz. Mitteilungsblatt der Schweizerischen Gesellschaft für Ur- und Frühgeschichte","ASchw"
"Archeologia e società","ASoc"
"Archäologie des Kantons Solothurn","ASoloth"
"Die antiken Sarkophagreliefs","ASR"
"Assaph. Studies in Art History","Assaph"
"Assyriological Miscellanies","AssyrMisc"
"AratirmaSonuçlariToplantisi","AST"
"L'archeologo subacqueo. Quadrimestrale di archeologia subacquea e navale","ASub"
"Archeologia subacquea. Studi, ricerche e documenti","ASubacq"
"Athenaeum. Studi di letteratura e storia dell'antichità","Athenaeum"
"`Atiqot. Journal of the Israel Department of Antiquities","Atiqot"
"`Atiqot. Journal of the Israel Department of Antiquities. Hebrew Series","AtiqotHeb"
"Atlal. The Journal of Saudi Arabian Archaeology","Atlal"
"Atti della Accademia pontaniana","AttiAcPontan"
"Atti della Accademia Roveretana degli Agiati. Contributi della classe di scienze umane, di lettere ed arti","AttiAcRov"
"Atti della Accademia delle scienze di Torino, 2. Classe di scienze morali, storiche e filologiche","AttiAcTorino"
"Atti. Centro ricerche e documentazione sull'antichità classica","AttiCAntCl"
"Atti. Centro studi e documentazione sull'Italia romana","AttiCItRom"
"Atti e memorie. Deputazione di storia patria per le province di Romagna","AttiMemBologna"
"Atti e memorie della Società dalmata di storia patria","AttiMemDal"
"Atti e memorie dell'Academia toscana di scienze e lettere »La Columbaria«","AttiMemFirenze"
"Atti e memorie della Società istriana di archeologia e storia patria","AttiMemIstria"
"Atti e memorie della Società Magna Grecia","AttiMemMagnaGr"
"Atti e memorie. Deputazione di storia patria per le antiche provincie modenesi","AttiMemModena"
"Atti e memorie della Società tiburtina di storia e d'arte","AttiMemTivoli"
"Atti dei Civici musei di storia ed arte di Trieste","AttiMusTrieste"
"Atti della Accademia di scienze, lettere e arti di Palermo","AttiPalermo"
"Atti. Centro di ricerche storiche, Rovigno","AttiRovigno"
"Atti della Società per la preistoria e protostoria della regione Friuli -- Venezia Giulia","AttiSocFriuli"
"Atti. Istituto veneto di scienze, lettere ed arti","AttiVenezia"
"Antike und Abendland","AuA"
"Aula orientalis. Revista de estudios del Próximo Oriente antiguo","AulaOr"
"Ausgrabungen und Funde. Nachrichtenblatt der Landesarchäologie","AusgrFu"
"Ausgrabungen und Funde in Westfalen-Lippe","AusgrFuWestf"
"Pro Austria Romana","AustrRom"
"Archeologia, uomo, territorio. Rivista dei Gruppi archeologici Nord Italia","AUTerr"
"Ausgrabungen in Uruk-Warka. Endberichte","AUWE"
"Archäologische Veröffentlichungen. Deutsches Archäologisches Institut, Abteilung Kairo","AV"
"Archeologia veneta","AVen"
"Arheološki vestnik (Ljubljana)","AVes"
"Archeologia viva","AViva"
"Altertümer von Pergamon","AvP"
"Antike Welt. Zeitschrift für Archäologie und Kulturgeschichte","AW"
"Ayasofia Müzesi yıllığı. Annual of Ayasofya Museum","AyasofyaMuezYil"
"Archäologische Zeitung","AZ"
"Azotea. Revista de cultura del Ayuntamiento de Coria del Río","Azotea"
"Bollettino di archeologia","BA"
"Baalbek. Ergebnisse der Ausgrabungen und Untersuchungen in den Jahren 1898 bis 1905","Baalbek"
"Bulletin d'archéologie algérienne","BAAlger"
"Butlletí informatiu de l'Institut de prehistòria i arqueologia de la Diputació provincial de Barcelona","BABarcel"
"Bulletin antieke beschaving. Annual Papers on Classical Archaeology","BABesch"
"Boletín de la Real academia de la historia","BAcRHist"
"Bulletin de la Société d'archéologie copte","BACopt"
"Badische Fundberichte","BadFuBer"
"Baetica. Estudios de arte, geografía e historia","Baetica"
"Baghdader Forschungen","BaF"
"Balácai közlemények","BalacaiKoez"
"Balkan Studies","BalkSt"
"Bulletin of the Institute of Archaeology, University of London","BALond"
"Bulletin d'archéologie luxembourgeoise","BALux"
"Baghdader Mitteilungen","BaM"
"Bulletin d'archéologie marocaine","BAMaroc"
"The Bulletin of the American Society of Papyrologists","BAmSocP"
"Bulletin of the Ancient Orient Museum (Tokyo)","BAncOrMus"
"Bulletin du Centre de recherches et d'enseignement de l'antiquité, Angers","BAngers"
"Bulletin of the Anglo-Israel Archaeological Society","BAngloIsrASoc"
"Bollettino annuale. Musei ferraresi","BAnnMusFerr"
"Bulletin de la Société nationale des antiquaires de France","BAntFr"
"Bulletin des antiquités luxembourgeoises","BAntLux"
"Bulletin archéologique du Comité des travaux historiques et scientifiques. Antiquités nationales","BAParis"
"Bulletin archéologique de Provence","BAProv"
"British Archaeological Reports. British Series","BAR"
"Bulletin. Société archéologique d'Alexandrie","BArchAlex"
"Bollettino del Centro di studi per la storia dell'architettura","BArchit"
"British Archaeological Reports. International Series","BARIntSer"
"Nuovo bullettino archeologico sardo","BASard"
"Boletín. Asociación española de amigos de la arqueología","BAsEspA"
"Bulletin of the Asia Institute","BAsInst"
"Bulletin of the American Schools of Oriental Research","BASOR"
"Bulletin de l'Association Guillaume Budé","BAssBude"
"Bulletin d'information de l'Association internationale pour l'étude de la mosaïque antique","BAssMosAnt"
"Bollettino di archeologia subacquea","BASub"
"Bulletin d'archéologie sud-est européenne","BASudEstEur"
"Bulletí arqueològic. Reial societat arqueològica tarraconense. Boletín arqueológico. Real sociedad arqueológica tarragonese","BATarr"
"Boletín auriense","BAur"
"Beiträge zur Allgemeinen und Vergleichenden Archäologie","BAVA"
"Bayerische Vorgeschichtsblätter","BayVgBl"
"Bollettino storico della Basilicata","BBasil"
"Bulletin de l'Institut historique belge de Rome","BBelgRom"
"Bollettino di studi e ricerche. Biblioteca comunale di Bolsena","BBolsena"
"Bulletin of British Byzantine Studies","BBrByzSt"
"Bullettino del Centro Camuno di studi preistorici","BCamuno"
"Beni culturali e ambientali. Sicilia","BCASic"
"Bulletin du Cercle d'études numismatiques","BCercleNum"
"Bulletin de correspondance hellénique","BCH"
"Bollettino del Circolo numismatico napoletano","BCircNumNap"
"Bollettino dei classici","BCl"
"The Bulletin of The Cleveland Museum of Art","BClevMus"
"Bullettino della Commissione archeologica comunale di Roma","BCom"
"Bulletin d'information de l'Association internationale pour l'étude de la mosaïque antique","BCord"
"Bollettino d'arte","BdA"
"Bibliothèque d'études, Institut français d'archéologie orientale, Kairo","BdE"
"Bibliothèque d'études coptes, Institut français d'archéologie orientale, Kairo","BdEC"
"Bullettino dell'Instituto di corrispondenza archeologica","BdI"
"Bullettino dell'Istituto di diritto romano »Vittorio Scialoja«","BDirRom"
"T. H. Carpenter (Hrsg.), Beazley Addenda \textsuperscript{2}(Oxford 1989)","BeazleyAddenda2"
"J. D. Beazley, Paralipomena. Additions to Attic Black-figure Vase-painters and to Attic Red-figure Vase-painters (Oxford 1971)","BeazleyPara."
"Bulletin (annuel) de l'École antique de Nîmes","BEcAntNimes"
"Bedi Kartlisa. Revue de kartvélologie","BediKart"
"Bibliothèque des Écoles françaises d'Athènes et de Rome","BEFAR"
"Beiträge zur Erschließung hellenistischer und kaiserzeitlicher Skulptur und Architektur","BeitrESkAr"
"Beiträge zur Namenforschung","BeitrNamF"
"Beiträge zur Sudanforschung","BeitrSudanF"
"Bellas artes (Madrid)","BelArt"
"Belleten. Türk Tarih Kurumu","Belleten"
"Benàcus. Museo archeologico della Val Tenesi","Benacus"
"Bericht der Bayerischen Bodendenkmalpflege","BerBayDenkmPfl"
"Bericht der Deutschen Forschungsgemeinschaft","BerDFG"
"Berliner Beiträge zur Archäometrie","BerlBeitrArchaeom"
"Berliner Blätter für Vor- und Frühgeschichte","BerlBlVFruehGesch"
"Berliner Jahrbuch für Vor- und Frühgeschichte","BerlJbVFruehGesch"
"Berliner Museen","BerlMus"
"Berliner numismatische Zeitschrift","BerlNumZ"
"Berichten van de Rijksdienst voor het oudheidkundig bodemonderzoek","BerOudhBod"
"Bericht der Römisch-Germanischen Kommission","BerRGK"
"Berichte über die Verhandlungen der Sächsischen Akademie der Wissenschaften zu Leipzig","BerVerhLeipz"
"Berytus. Archaeological Studies","Berytus"
"Boletín. Asociación española de amigos de la arqueología","BEspA"
"Boletín de la Asociación española de orientalistas","BEspOr"
"Bulletin d'études orientales","BEtOr"
"Bollettino dell'Istituto di filologia greca, Università di Padova","BFilGrPadova"
"Bollettino. Centro di studi filologici e linguistici siciliani","BFilLingSic"
"Bollettino flegreo. Rivista di storia, arte e scienze","BFlegr"
"Bollettino storico della città di Foligno","BFoligno"
"Harvard University Art Museums Bulletin","BHarvMus"
"Bollettino dell'Associazione Iasos di Caria","BIasos"
"The Biblical Archaeologist. The American School of Oriental Research New Haven","BibAr"
"Bibliotheca classica orientalis","BiblClOr"
"Bibliographie zur Symbolik, Ikonographie und Mythologie. Internationales Referateorgan","BiblSymb"
"Izvestija na Archeologičeskija institut. Bulletin de l’Institut d’archéologie","BIBulg"
"Bulletin of the Institute of Classical Studies of the University of London","BICS"
"Bulletin de l'Institut français d'archéologie orientale","BIFAO"
"Bollettino di informazioni. Associazione archeologica Centumcellae","BInfCentumcellae"
"Bollettino di informazioni del Centro di studi e documentazione sull'area elima","BInfCESDAE"
"Biogradski zbornik","BiogrZbor"
"Bibliotheca orientalis","BiOr"
"Bollettino dell'Istituto storico artistico orvietano","BIstOrvieto"
"Boletín del Instituto de estudios giennenses","BJaen"
"Bonner Jahrbücher des Rheinischen Landesmuseums in Bonn","BJb"
"Bulletin. The Hebrew University, Jerusalem, Rabinowitz Fund","BJerus"
"Bulletin du laboratoire du Musée du Louvre","BLaborMusLouvre"
"Bollettino dell'Istituto di storia e di arte del Lazio meridionale","BLazioMerid"
"Bulletin Razreda za likovne umjetnosti Hrvatske akademije znanosti i umjetnosti","BLikUm"
"Blätter für Münzfreunde und Münzforschung","BlMueFreundeF"
"Boletín de la Comisión provincial de monumentos históricos y artísticos de Lugo","BLugo"
"Catalogue of the Greek Coins in the British Museums","BMCGreekCoins"
"Catalogue of Oriental Coins in the British Museum I--X","BMCOR"
"H. Mattingly (u. a.), Coins of the Roman Empire in the British Museum (London 1923--1950","BMCRE"
"H. A. Grueber, Coins of the Roman Republic in the British Museum I--III (London 1910)","BMCRRI-III"
"The Metropolitan Museum of Art Bulletin","BMetrMus"
"Bulletin monumental","BMon"
"Bollettino. Monumenti, musei e gallerie pontificie","BMonMusPont"
"The British Museum Quarterly","BMQ"
"The British Museum Quarterly. News Supplement","BMQNSuppl"
"Bulletin du Musée de Beyrouth","BMusBeyrouth"
"Bulletin des Musées royaux d'art et d'histoire, Bruxelles","BMusBrux"
"Boletín del Museo de Cádiz","BMusCadiz"
"Bullettino del Museo della civiltà romana","BMusCivRom"
"Bulletin. Museum of Fine Arts, Boston","BMusFA"
"Bulletin du Musée hongrois des beaux-arts","BMusHongr"
"Boletín del Museo arqueológico nacional, Madrid","BMusMadr"
"Bulletin. Museums of Art and Archaeology, University of Michigan","BMusMich"
"Bulletin du Musée d'anthropologie préhistorique de Monaco","BMusMonaco"
"Bollettino del Museo civico di Padova","BMusPadova"
"Boletín del Museo provincial de bellas artes","BMusPBelArt"
"Bollettino dei Musei comunali di Roma","BMusRom"
"Bulletin du Musée national de Varsovie","BMusVars"
"Museo de Zaragoza. Boletín","BMusZaragoza"
"Bulletin de la Société française de numismatique","BNumParis"
"Bollettino di numismatica","BNumRoma"
"Boğazköy-Hattuša. Ergebnisse der Ausgrabungen","Bogazkoey-Hattusa"
"Bolskan. Revista de arqueología del Instituto de estudios Altoaragoneses, revista de arqueología Oscense","Bolskan"
"Bonner Hefte zur Vorgeschichte","BonnHVg"
"Bulletin of the Royal Ontario Museum of Archaeology, University of Toronto","BOntMus"
"Boreas. Münstersche Beiträge zur Archäologie","Boreas"
"Boreas. Uppsala Studies in Ancient Mediterranean and Near Eastern Civilization","BoreasUpps"
"Bulletin de liaison. Centre d'études des peintures murales romaines","BPeintRom"
"Bullettino di paletnologia italiana","BPI"
"Bulletin d'études préhistoriques alpines","BPrehistAlp"
"Bulletin de l'Association Pro Aventico","BProAvent"
"Bulletin of the Rhode Island School of Design. Museum Notes","BProvidence"
"Bracara Augusta. Revista cultural da Câmara municipal de Braga","BracAug"
"Bracara Augusta. Revista cultural da Câmara municipal de Braga","BracaraAugusta"
"Bremer archäologische Blätter","BremABl"
"Bollettino dell'Istituto centrale del restauro","BRest"
"Brigantium. Museo arqueolóxico e histórico","Brigantium"
"The British Museum Yearbook","BrMusYearbook"
"The Annual of the British School at Athens","BSA"
"Boletín del Seminario de estudios de arte y arqueología, Universidad de Valladolid","BSAA"
"Bulletin de la Société française d'égyptologie","BSFE"
"Bullettino senese di storia patria","BSiena"
"Bulletin of the School of Oriental and African Studies (London)","BSOAS"
"Bulletin de la Société archéologique champenoise","BSocAChamp"
"Bulletin de liaison de la Société des amis de la Bibliothèque Salomon Reinach","BSocBiblReinach"
"Buletinul Societăţii numismatice române","BSocNumRom"
"Papers of the British School at Rome","BSR"
"Bollettino di studi latini","BStLat"
"Bollettino della Unione storia ed arte","BStorArt"
"Bulletin du Centre international d'étude des textiles anciens","BTextilAnc"
"Bollettino della Società piemontese di archeologia e belle arti","BTorino"
"Bulletin des travaux de l'Institut national du patrimoine. Comptes rendus","BTravTun"
"Budapest régiségei","BudReg"
"Bulletin. J. Paul Getty Museum of Art","BulletinGetty"
"Bulletin. Smith College Museum of Art","BulletinNorthampton"
"Boletín del Seminario de estudios de arte y arqueología, Universidad de Valladolid","BVallad"
"Boletín de la Institución »Sancho el Sabio«","BVitoria"
"The Walters Art Gallery Bulletin","BWaltersArtGal"
"Winckelmannsprogramm der Archäologischen Gesellschaft zu Berlin","BWPr"
"Βυζαντινά. Επιστημονικόν Όργανον Κέντρου Βυζαντινών Ερευνών Φιλοσοφικής Σχολής Αριστοτελείου Πανεπιστημίου Θεσσαλονίκης","Byzantina"
"Byzantinische Forschungen. Internationale Zeitschrift für Byzantinistik","ByzF"
"Byzantinisch-neugriechische Jahrbücher","ByzJb"
"Byzantinische Zeitschrift","ByzZ"
"Biblische Zeitschrift","BZ"
"Corpus antiquitatum Aegyptiacarum","CAA"
"The Assyrian Dictionary of the Oriental Institute of the University of Chicago","CAD"
"Cadernos de arqueologia","CadA"
"Caesaraugusta. Publicaciones del Seminario de Arqueología y Numismática Aragonesas","Caesaraugusta"
"Caesarodunum. Bulletin de l'Institut d'études latines et du Centre de recherches A. Piganiol","Caesarodunum"
"The Cambridge Ancient History","CAH"
"Cahiers du Groupe de recherches sur l'armée romaine et les provinces","CahArmeeRom"
"Cahiers d'archéologie subaquatique","CahASubaqu"
"Cahiers de Byrsa","CahByrsa"
"Cahier. Centre d'études chypriotes","CahCEC"
"Cahiers de la céramique égyptienne","CahCerEg"
"Cahiers de la Délégation française en Iran","CahDelFrIran"
"Cahiers du Centre Gustave-Glotz. Revue reconnue par le CNRS","CahGlotz"
"Cahiers de Karnak","CahKarnak"
"Cahiers ligures de préhistoire et de protohistoire","CahLig"
"Les cahiers de Mariemont. Bulletin du Musée royal de Mariemont","CahMariemont"
"Cahiers du Musée Champollion. Histoire et archéologie","CahMusChampollion"
"Cahiers de recherches de l'Institut de papyrologie et d'égyptologie de Lille. Sociétés urbaines en Égypte et au Soudan","CahPEg"
"Cahiers rhodaniens","CahRhod"
"Cahiers de Tunisie","CahTun"
"California Studies in Classical Antiquity","CalifStClAnt"
"Cambridge Archaeological Journal","CambrAJ"
"Cahiers archéologiques","CArch"
"Carinthia I. Geschichtliche und volkskundliche Beiträge zur Heimatkunde Kärntens","CarinthiaI"
"Carnuntum-Jahrbuch. Zeitschrift für Archäologie und Kulturgeschichte des Donauraumes","CarnuntumJb"
"Carpica. Muzeul judeţean de istorie şi artă, Bacău","Carpica"
"Il Carrobbio. Rivista di studi bolognesi","Carrobbio"
"Ch. W. Clairmont, Classical Attic Tombstones (Kilchberg 1993--1995)","CAT"
"Cuadernos emeritenses","CE"
"CEDAC. Bulletin. Centre d'études et de documentation archéologique de la conservation de Cartage","CEDAC"
"Collection de l'École française de Rome","CEFR"
"Celticum. Supplément à Ogam","Celticum"
"Cercetriarheologice","CercA"
"Cercetări numismatice. Muzeul naţional de istorie","CercNum"
"Chiron. Mitteilungen der Kommission für Alte Geschichte und Epigraphik des Deutschen Archäologischen Instituts","Chiron"
"Chronique d'Égypte","ChronEg"
"Corpus inscriptionum Atticarum","CIA"
"Corpus inscriptionum Etruscarum","CIE"
"Corpus inscriptionum Graecarum","CIG"
"Corpus inscriptionum Semiticarum. Pars quarta. Inscriptiones himyariticas et sabaeas continens","CIH"
"Corpus inscriptionum Latinarum","CIL"
"The Cincinnati Art Museum Bulletin","CincArtB"
"Corpus inscriptionum Semiticarum","CIS"
"Contributi dell'Istituto di archeologia. Pubblicazioni dell'Università cattolica del Sacro Cuore, Milano","CIstAMilano"
"Civiltà classica e cristiana","CivClCr"
"Civiltà padana. Archeologia e storia del territorio","CivPad"
"Classical Antiquity","ClAnt"
"Cleveland Studies in the History of Art","ClevStHistArt"
"Clio. Revista do Centro de história da Universidade Lisboa","Clio"
"Classics Ireland","ClIre"
"The Classical Journal","ClJ"
"Classica et mediaevalia. Revue danoise de philologie et d'histoire","ClMediaev"
"Classical Philology","ClPhil"
"The Classical Quarterly","ClQ"
"The Classical Review","ClR"
"Clara Rhodos","ClRh"
"Contributi e materiali di archeologia orientale","CMatAOr"
"Convegni di studi sulla Magna Grecia","CMGr"
"Corpus der minoischen und mykenischen Siegel","CMS"
"Coin Hoards. The Royal Numismatic Society, London","CoinHoards"
"Colloqui del Sodalizio","ColloquiSod"
"Communicationes archaeologicae hungaricae","CommunicAHung"
"Complutum. Publicaciones del Departamento de prehistoria de la Universidad complutense de Madrid","Complutum"
"Conoscenze. Rivista annuale della Soprintendenza archeologica e per i beni ambientali, architettonici, artistici e storici del Molise","Conoscenze"
"Corduba archaeologica","Corduba"
"Corinth. Results of Excavations Conducted by the American School of Classical Studies at Athens","Corinth"
"Académie des inscriptions et belles-lettres. Comptes rendus des séances de l'Académie","CRAI"
"Creta antica. Rivista annuale di studi archeologici, storici ed epigrafici","CretAnt"
"Cretan Studies","CretSt"
"Cronache di archeologia","CronA"
"Cronache ercolanesi. Bollettino del Centro internazionale per lo studio dei papiri ercolanesi","CronErcol"
"Cronache pompeiane","CronPomp"
"Compte-rendu de la Commission impériale archéologique, St. Pétersbourg","CRPetersbourg"
"Corpus speculorum Etruscorum","CSE"
"Corpus signorum Imperii Romani","CSIR"
"Contributi della Scuola di specializzazione in archeologia dell'Università degli studi di Pisa","CSSpecPisa"
"Cuadernos de arqueología mediterránea","CuadAMed"
"Cuadernos de arquitectura romana","CuadArquitRom"
"Cuadernos de prehistoria y arqueología castellonense","CuadCastellon"
"Cuaderni catanesi di studi classici e medievali","CuadCat"
"Cuadernos de filología clásica. Facultad de letras y filosofía, Universidad de Madrid","CuadFilCl"
"Cuadernos de estudios gallegos","CuadGallegos"
"Cuadernos de prehistoria de la Universidad de Granada","CuadGranada"
"Cuadernos de arqueología de la Universidad de Navarra","CuadNavarra"
"Cuadernos de prehistoria y arqueología. Universidad autónoma de Madrid","CuadPrehistA"
"Cuadernos de trabajos de la Escuela española de historia y arqueología en Roma","CuadRom"
"Cuadernos de prehistoria y arqueología. Universidad autónoma de Madrid","CuPaUAM"
"Corpus vasorum antiquorum","CVA"
"Cota Zero. Revista d'arqueologia i ciencia","CZero"
"Denkmäler antiker Architektur","DAA"
"Dacia. Revue d'archéologie et d'histoire ancienne","Dacia"
"Dictionnaire d'archéologie chrétienne et de liturgie","DACL"
"Dacoromania. Jahrbuch für östliche Latinität","Dacoromania"
"Damaszener Forschungen","DaF"
"Daidalos. Studi e ricerche del Dipartimento di scienze del mondo antico","Daidalos"
"Das Deutsche Archäologische Institut. Geschichte und Dokumente","DAIGeschDok"
"Damaszener Mitteilungen","DaM"
"Dictionnaire des antiquités grecques et romaines d'après les textes et les monuments. Ouvrage rédigé sous la direction de Ch. Daremberg et E. Saglio","Daremberg-Saglio"
"A Debreceni Déri múzeum évkönyve","DebrecMuzEvk"
"Dédalo. Revista de arte e arqueologia","Dedalo"
"Exploration archéologique de Délos faite par l'École française d'Athènes","Delos"
"Δελτίον της Χριστιανικής Αρχαιολογικής Εταιρείας","DeltChrA"
"Demircihüyük. Die Ergebnisse der Ausgrabungen 1975--1978","Demircihueyuek"
"De museus. Quaderns de museologia i museografia","DeMuseus"
"Denkmalpflege in Baden-Württemberg","DenkmPflBadWuert"
"Österreichische Akademie der Wissenschaften, Philosophisch-Historische Klasse. Denkschriften","DenkschrWien"
"Diadora. Glasilo arheoloskog muzeja u Zadru","Diadora"
"Dialoghi di archeologia","DialA"
"Dialogues d'histoire ancienne","DialHistAnc"
"Dike. Rivista di storia del diritto greco ed ellenistico. Università degli studi di Milano. Facoltà di giurisprudenza","Dike"
"Dioniso. Annale della Fondazione INDA, Istituto nazionale del dramma antico","Dioniso"
"Diskussionen zur archäologischen Bauforschung","DiskAB"
"Deutsche Kunst und Denkmalpflege","DKuDenkmPfl"
"Deutsche Literaturzeitung für Kritik der internationalen Wissenschaft","DLZ"
"Der Neue Pauly. Enzyklopädie der Antike","DNP"
"Documenta Albana","DocAlb"
"Documents d'archéologie régionale. Université catholique de Louvain","DocALouv"
"Documents d'archéologie méridionale","DocAMerid"
"Documenti. Istituto per i beni artistici, culturali, naturali della regione Emilia-Romagna","DocEmRom"
"Δωδώνη","Dodone"
"Dumbarton Oaks Papers","DOP"
"Les dossiers du Centre régional archéologique d'Alet","DossAlet"
"Les dossiers d'archéologie","DossAParis"
"The Excavations at Dura-Europos Conducted by Yale University and the French Academy of Inscriptions and Letters","Dura-Europos"
"Enciclopedia dell'arte antica classica e orientale","EAA"
"Excavaciones arqueológicas en España","EAE"
"East and West","EastWest"
"École antique de Nîmes. Bulletin annuel","EcAntNimes"
"Echos du monde classique. Classical Views","EchosCl"
"e-Forschungsberichte des Deutschen Archäologischen Instituts","eDAI-F"
"e-Jahresberichte des Deutschen Archäologischen Instituts","eDAI-J"
"Egyptian Archaeology. The Bulletin of the Egypt Exploration Society","EgA"
"Εγνατία. Επιστημονική Επετηρίδα της Φιλοσοφικής Σχολής, Αριστοτέλειο Πανεπιστήμιο Θεσσαλονίκης, Τμήμα Ιστορίας και Αρχαιολογίας","Egnatia"
"Egitto e Vicino Oriente","EgVicOr"
"Εικασμός. Quaderni bolognesi di filologia classica","Eikasmos"
"Eirene. Studia Graeca et Latina","Eirene"
"Elenchos. Rivista di studi sul pensiero antico","Elenchos"
"Ελληνικά. Φιλολογικόν, Ιστορικόν και Λαογραφικόν Περιοδικόν Σύγγραμμα","Ellenika"
"Emerita. Revista de linguistica y filología clasica","Emerita"
"Emilia preromana","EmPrerom"
"Empúries. Revista de prehistòria, arqueologia i etnologia","Empuries"
"Ενάλια","Enalia"
"Enalia. Annual. English Edition of the Hellenic Institute of Marine Archaeology","EnaliaAnn"
"Enchoria. Zeitschrift für Demotistik und Koptologie","Enchoria"
"Eos. Commentarii Societatis philologae Polonorum","Eos"
"Επετηρίς της Εταιρείας Βοιωτικών Μελετών","EpetBoiotMel"
"Επετηρίς της Εταιρείας Βυζαντινών Σπουδών","EpetByzSpud"
"Επετηρίς της Εταιρείας Κυκλαδικών Μελετών","EpetKyklMel"
"Ephemeris Dacoromana. Annuario della Scuola Romena di Roma","EphemDac"
"Ephemeris Napocensis","EphemNapoc"
"Epigraphica Anatolica. Zeitschrift für Epigraphik und historische Geographie Anatoliens","EpigrAnat"
"Επιστημονική Επετηρίς της Φιλοσοφικής Σχολής του Πανεπιστημίου Αθηνών","EpistEpetAth"
"Επιστημονική Επετηρίδα της Πολυτεχνικής Σχολής, Αριστοτέλειο Πανεπιστήμιο Θεσσαλονίκης, Τμήμα Αρχιτεκτόνων","EpistEpetPolytThess"
"Επιστημονική Επετηρίδα της Φιλοσοφικής Σχολής του Πανεπιστημίου Θεσσαλονίκης","EpistEpetThess"
"Études préliminaires aux religions orientales dans l'empire romain","EPRO"
"Eranos. Acta philologica Suecana","Eranos"
"Eranos-Jahrbuch","EranosJb"
"Eretria. Fouilles et recherches","Eretria"
"Eretz-Israel. Archaeological, Historical and Geographical Studies","Eretz-Israel"
"Το Έργον της Αρχαιολογικής Εταιρείας","Ergon"
"Eurasia septentrionalis antiqua","ESA"
"Espacio, tiempo y forma. Revista de la Facultad de geografia e historia. Serie 2, Historia antigua","EspacioHist"
"Estudios de prehistoria y arqueología madrileñas","EstMadr"
"Estudios del Seminario de prehistoria, arqueología e historia antigua de la Facultad de filosofía y letras de Zaragoza","EstZaragoza"
"Études d'archéologie classique","EtACl"
"Les études classiques. Revue trimestrielle de recherche et d'enseignement","EtCl"
"Études classiques. Faculté des lettres et sciences humaines d'Aix","EtClAix"
"Études crétoises","EtCret"
"Ethnos. Revista do Instituto português de arqueología, história e etnografia","Ethnos"
"Études de papyrologie","EtP"
"Études sur Pézenas et l'Hérault","EtPezenas"
"Etruscan Studies. Journal of the Etruscan Foundation","EtrSt"
"Etruscans. Bulletin of the Etruscan Foundation","Etruscans"
"Études et travaux. Studia i prace. Travaux du Centre d'archéologie méditerranéenne de l'Académie des sciences polonaise","EtTrav"
"Ευλιμένη (Μεσογειακή Αρχαιολογική Εταιρεία)","Eulimene"
"Eunomia. Ephemeridis Listy filologické supplementum","Eunomia"
"Euphrosyne. Revista de filologia clássica","Euphrosyne"
"Eurasia antiqua","EurAnt"
"European Review of History. Revue européenne d'histoire","EurRHist"
"Eutopia. Commentarii novi de antiquitatibus totius Europae","Eutopia"
"J. D. Beazley, Etruscan Vase Painting (Oxford 1947)","EVP"
"Excavations and Surveys in Israel","ExcIsr"
"Expedition. The Magazine of Archaeology, Anthropology","Expedition"
"Extremadura arqueológica","ExtremA"
"Fasti archaeologici","FA"
"Forschungen zur Archäologie Außereuropäischer Kulturen","FAAK"
"Faenza. Bollettino del Museo internazionale delle ceramiche in Faenza. Rivista bimestrale di studi storici e di tecnica dell'arte ceramica","Faenza"
"Forschungen zur Allgemeinen und Vergleichenden Archäologie","FAVA"
"Faventia. Departement de clássiques, Facultat de letres, Universitat autónoma de Barcelona","Faventia"
"Forschungen und Berichte zur Vor- und Frühgeschichte in Baden-Württemberg","FBerBadWuert"
"Fouilles de Conimbriga. Publiées sous la direction de J. Alarcão et R. Etienne","FdC"
"Fouilles de Delphes","FdD"
"Fouilles de Xanthos","FdX"
"Feddersen Wierde. Die Ergebnisse der Ausgrabung der vorgeschichtlichen Wurt Feddersen Wierde bei Bremerhaven in den Jahren 1955 bis 1963","FeddersenWierde"
"Felix Ravenna","FelRav"
"F. Jacoby, Die Fragmente der griechischen Historiker","FGrHist"
"Fragmenta historicorum Graecorum","FHG"
"Forschungen in Augst","FiA"
"Ficheiro epigráfico. Suplemento de »Conimbriga«","FichEpigr"
"Forschungen in Ephesos","FiE"
"Fouilles de l'Institut français d'archéologie orientale du Caire","FIFAO"
"Figlina. Documents du Laboratoire de céramologie de Lyon","Figlina"
"Florentia. Studi di archeologia","Florentia"
"Florentia Iliberritana. Revista de estudios de antigüedad clásica","FlorIl"
"Die Fundmünzen der römischen Zeit in Deutschland","FMRD"
"Fundmünzen der römischen Zeit in Österreich","FMROe"
"Fogg Art Museum. Acquisitions","FoggArtMusAcqu"
"Folia archaeologica","FolA"
"Folia orientalia","FolOr"
"Fonaments. Prehistòria i mon antic als Paisos Catalans","Fonaments"
"Fondamenti. Rivista quadrimestrale di cultura","Fondamenti"
"Fontes archaeologici Posnanienses","FontAPos"
"Fontes. Rivista di filologia, iconografia e storia della tradizione classica","Fontes"
"Forlimpopoli. Documenti e studi","Forlimpopoli"
"Fornvännen. Tidskrift för svensk antikvarisk forskning","Fornvaennen"
"Forum. Revue du Groupe d'archéologie antique","Forum"
"A. Furtwängler – K. Reichhold, Griechische Vasenmalerei (München 1900--1925)","FR"
"Frühmittelalterliche Studien. Jahrbuch des Instituts für Frühmittelalterforschung der Universität Münster","FruehMitAltSt"
"Funde und Ausgrabungen im Bezirk Trier","FuAusgrTrier"
"Forschungen und Berichte. Staatliche Museen zu Berlin","FuB"
"Fundberichte aus Baden-Württemberg","FuBerBadWuert"
"Fundberichte aus Hessen","FuBerHessen"
"Fundberichte aus Österreich","FuBerOe"
"Fundberichte aus Schwaben","FuBerSchwab"
"Forschungen und Fortschritte","FuF"
"Fundort Wien. Berichte zur Archäologie","FuWien"
"Gaceta numismática","GacNum"
"Gades. Revista del Colegio universitario de filosofía y letras","Gades"
"Gallaecia. Publicación del Departamento de prehistoria y arqueología","Gallaecia"
"Gallia. Fouilles et monuments archéologiques en France metropolitaine","Gallia"
"Gallia informations. Préhistoire et histoire","GalliaInf"
"Gallia informations. L'archéologie des régions","GalliaInfAReg"
"Gallia préhistoire. Archéologie de la France préhistorique","GalliaPrehist"
"Greece and Rome","GaR"
"Gazette des beaux-arts","GazBA"
"Genava. Revue d'histoire de l'art et d'archéologie","Genava"
"Geographia antiqua. Rivista di geografia storica del mondo antico e di storia della geografia","GeoAnt"
"Germania. Anzeiger der Römisch-Germanischen Kommission des Deutschen Archäologischen Instituts","Germania"
"Gesta. International Center of Medieval Art","Gesta"
"The J. Paul Getty Museum Journal","GettyMusJ"
"Göttinger Forum für Altertumswissenschaft","GFA"
"Göttingische Gelehrte Anzeigen","GGA"
"Giornale filologico ferrarese","GiornFilFerr"
"Giornale italiano di filologia","GiornItFil"
"Giornale storico della Lunigiana e del territorio lucense","GiornStorLun"
"Giglio di roccia","GiRoccPalermo"
"Gladius. Estudios sobre armas antiguas, armamento, arte militar y vida cultural en Oriente y Occidente","Gladius"
"Glasgow Archaeological Journal","GlasAJ"
"GlasnikSrpskoarheolokodrutvo","GlasBeograd"
"Glasnik Zemaljskog muzeja Bosne i Hercegovie u Sarajevu. Arheologija","GlasSarajevo"
"Glotta. Zeitschrift für griechische und lateinische Sprache","Glotta"
"Gnomon. Kritische Zeitschrift für die gesamte klassische Altertumswissenschaft","Gnomon"
"Godišnik na Departament archeologija","GodDepA"
"Godišnik na Archeologičeski muzej Plovdiv. Annuaire du Musée archéologique Plovdiv","GodMuzPlov"
"Godišnik na Nacionalnija archeologičeski muzej. Annuaire du Musée national archéologique (Sofia)","GodMuzSof"
"Godišen zbornik na Filozofskiot fakultet na Universitetot vo Skopje","GodZborSkopje"
"Goriški letnik. Zbornik Goriškega muzeja","GorLet"
"Göttinger Miszellen. Beiträge zur ägyptologischen Diskussion","GoettMisz"
"Građa i rasprave. Arheološki muzej Istre, Pula","GraRaspr"
"Grazer Beiträge. Zeitschrift für die Klassische Altertumswissenschaft","GrazBeitr"
"Graecolatina et orientalia. Zborník Filozofickej fakulty Univerzity Komenského","GrLatOr"
"Graecolatina Pragensia. Acta Universitatis Carolinae. Philologica","GrLatPrag"
"Greek, Roman and Byzantine Studies","GrRomByzSt"
"Gymnasium. Zeitschrift für Kultur der Antike und humanistische Bildung","Gymnasium"
"Habis. Universidad de Sevilla. Arqueología, filología clásica","Habis"
"Hallisches Winckelmannsprogramm","HallWPr"
"Hama. Fouilles et recherches de la Fondation Carlsberg","Hama"
"Hamburger Beiträge zur Archäologie","HambBeitrA"
"Hamburger Beiträge zur Numismatik","HambBeitrNum"
"Kungliga vitterhets historie och antikvitets akademiens handlingar. Antikvariska serien","Handlingar"
"Harvard Studies in Classical Philology","HarvStClPhil"
"The Harvard Theological Review","HarvTheolR"
"Hefte des Archäologischen Seminars der Universität Bern","HASB"
"Handbuch der Altertumswissenschaften","HAW"
"Handbuch der Archäologie","HdArch"
"B. V. Head, Historia Numorum. A Manual of Greek Numismatics (Oxford 1887","Head"
"W. Helbig, Führer durch die öffentlichen Sammlungen klassischer Altertümer in Rom","Helbig"
"Helike. Universidad nacional de educación a distancia, Centro regional de Elche","Helike"
"Helikon. Rivista di tradizione e cultura classica","Helikon"
"Helinium. Revue consacrée à l'archéologie des Pays-Bas, de la Belgique et du Grand-Duché de Luxembourg","Helinium"
"Helios. A Journal Devoted to Critical and Methodological Studies of Classical Culture, Literature and Society","Helios"
"Hellenika. Jahrbuch für die Freunde Griechenlands","HellenikaJb"
"Helvetia archaeologica","HelvA"
"Hephaistos. Kritische Zeitschrift zur Theorie und Praxis der Archäologie und angrenzender Wissenschaften","Hephaistos"
"Hermes. Zeitschrift für klassische Philologie","Hermes"
"Das römische Herrscherbild","Herrscherbild"
"Hesperia. Journal of the American School of Classical Studies at Athens","Hesperia"
"Hispania. Revista española de historia","Hispania"
"Hispania antiqua. Revista de historia antigua","HispAnt"
"Hispania antiqua epigraphica","HispAntEpigr"
"Hispania epigraphica","HispEpigr"
"Historische Anthropologie. Kultur, Gesellschaft, Alltag","HistAnthr"
"Histoire de l'art. Bulletin d'information de l'Institut National d'Histoire de l'Art","HistArt"
"Historia. Zeitschrift für Alte Geschichte","Historia"
"Historica. Academia RSR. Centrul de istorie, filologie şi etnografie din Craiova","Historica"
"Histria. Les résultats des fouilles","Histria"
"Histria archaeologica","HistriaA"
"Histria antiqua. Casopis Meunarodnog Istraivakog Centra za Arheologiju. Journal of the International Research Centre for Archeology","HistriaAnt"
"Historische Sprachforschung","HistSprF"
"R. Borger, Handbuch der Keilschriftliteratur (Berlin 1967--1975)","HKL"
"Ηόρος. Ἔνα Ἀρχαιογνωστικò Περιοδικό","Horos"
"Harvard Semitic Series","HSS"
"Huelva arqueológica","HuelvaA"
"Humanistische Bildung","HumBild"
"Hyperboreus. Studia classica","Hyp"
"Historische Zeitschrift","HZ"
"Iberia archaeologica","IA"
"Iberia. Revista della antigüedad","Iberia"
"Israel Exploration Journal","IEJ"
"Inscriptiones Graecae","IG"
"M. Thompson – C. M. Kraay – O. Mørkholm, An Inventory of Greek Coin Hoards (New York 1973)","IGCH"
"Inscriptiones Graecae ad res Romanas pertinentes","IGR"
"Inschriften griechischer Städte aus Kleinasien","IK"
"Ilerda. Instituto de estudios ilerdenses","Ilerda"
"Iliria. Revistë arkeologjike","Iliria"
"Illinois Classical Studies","IllinClSt"
"The Illustrated London News","ILN"
"H. Dessau, Inscriptiones Latinae selectae (Berlin 1892--1916)","ILS"
"Index. Quaderni camerti di studi romanistici","IndexQuad"
"Indogermanische Forschungen","IndogermF"
"Indiana University Art Museum Bulletin","IndUnArtB"
"Insula Fulcheria","InsFulc"
"The Institute of Nautical Archaeology Quarterly","InstNautAQ"
"International Journal of the Classical Tradition","IntJClTrad"
"International Journal of Nautical Archaeology","IntJNautA"
"Internationale Zeitschriftenschau für Bibelwissenschaft und Grenzgebiete","IntZSchauBibelWiss"
"Invigilata lucernis","InvLuc"
"Jahrbuch für prähistorische und ethnographische Kunst","Ipek"
"Iran. Journal of the British Institute of Persian Studies","Iran"
"Iranica antiqua","IrAnt"
"The Israel Museum Journal","IsrMusJ"
"The Israel Museum News","IsrMusN"
"Israel Museum Studies in Archaeology. An Annual Publication by the Samuel Bronfman Biblical and Archaeological Museum of the Israel Museum, Jerusalem","IsrMusStA"
"Israel Numismatic Journal","IsrNumJ"
"Istanbul Arkeoloji Müzeleri yıllığı","IstanbAMuezYil"
"Istanbuler Forschungen","IstForsch"
"Isthmia. Excavations by the University of Chicago under the Auspices of the American School of Classical Studies at Athens","Isthmia"
"Istanbuler Mitteilungen","IstMitt"
"Italica. Cuadernos de trabajos de la Escuela española de historia y arqueología en Roma","Italica"
"Italia nostra","ItNostr"
"Izvestija na Narodnija muzej Burgas. Bulletin du Musée national de Bourgas","IzvBurgas"
"Izvestija na muzeite ot Južna Bălgarija. Bulletin des musées de la Bulgarie du Sud","IzvMuzJuzBalg"
"Izvestija na Narodnija muzej Varna","IzvVarna"
"Jábega. Revista de la Disputación provincial de Málaga","Jabega"
"Jadranski zbornik. Prilozi za povijest Istre, Rijeke i Hrvatskog primorja","JadrZbor"
"Journal of the American Oriental Society","JAOS"
"Journal of the American Research Center in Egypt","JARCE"
"Journal of Archaeological Science","JASc"
"Jahrbuch für Antike und Christentum","JbAC"
"Jahrbuch. Akademie der Wissenschaften und der Literatur, Mainz","JbAkMainz"
"Jahrbuch der Staatlichen Kunstsammlungen in Baden-Württemberg","JbBadWuert"
"Jahrbuch der Berliner Museen","JbBerlMus"
"Jahrbuch des Bernischen Historischen Museums in Bern","JbBernHistMus"
"Jahresberichte aus Augst und Kaiseraugst","JberAugst"
"Jahresbericht der Archäologischen Bodenforschung des Kantons Basel-Stadt","JberBasel"
"Jahresbericht der Bayerischen Bodendenkmalpflege","JberBayDenkmPfl"
"Jahresbericht. Gesellschaft Pro Vindonissa","JberProVindon"
"Jahresbericht des Instituts für Vorgeschichte der Universität Frankfurt a. M.","JberVgFrankf"
"Jahresbericht. Schweizerisches Landesmuseum Zürich","JberZuerich"
"Jahrbuch der Akademie der Wissenschaften in Göttingen","JbGoett"
"Jahrbuch der Hamburger Kunstsammlungen","JbHambKuSamml"
"Jahrbuch des Kunsthistorischen Museums Wien","JbKHMWien"
"Jahrbuch der Kunsthistorischen Sammlungen in Wien","JbKHSWien"
"Jahrbuch für kleinasiatische Forschung","JbKleinasF"
"Bayerische Akademie der Wissenschaften. Jahrbuch","JbMuench"
"Jahrbuch des Museums für Kunst und Gewerbe, Hamburg","JbMusKGHamb"
"Jahrbuch des Oberösterreichischen Musealvereins","JbMusLinz"
"Jahrbuch der Österreichischen Byzantinistik","JbOeByz"
"Jahrbuch Preussischer Kulturbesitz","JbPreussKul"
"Jahrbuch des Römisch-Germanischen Zentralmuseums Mainz","JbRGZM"
"Jahrbuch der Schweizerischen Gesellschaft für Ur- und Frühgeschichte","JbSchwUrgesch"
"Journal of Cuneiform Studies","JCS"
"Jahrbuch des Deutschen Archäologischen Instituts","JdI"
"The Journal of Egyptian Archaeology","JEA"
"Journal of Early Christian Studies. Journal of the North American Patristics Society","JEChrSt"
"Jaarbericht van het Vooraziatisch-Egyptisch Genootschap Ex Oriente Lux","JEOL"
"Jewellery Studies","JewelSt"
"Journal of Field Archaeology","JFieldA"
"Journal of Glass Studies","JGS"
"The Journal of Hellenic Studies","JHS"
"Journal of Iberian Archaeology","JIbA"
"The Journal of Juristic Papyrology","JJurP"
"Journal für Kunstgeschichte","JKuGesch"
"Journal of Mediterranean Archaeology","JMedA"
"Journal of Mediterranean Anthropology and Archaeology","JMedAnthrA"
"Journal of Mithraic Studies","JMithrSt"
"Journal of Near Eastern Studies","JNES"
"Jahrbuch für Numismatik und Geldgeschichte","JNG"
"Journal of Prehistoric Religion","JPrehistRel"
"Journal of Roman Archaeology","JRA"
"Journal of Roman Military Equipment Studies","JRomMilSt"
"Journal of Roman Pottery Studies","JRomPotSt"
"Journal of Roman Studies","JRS"
"Journal des savants","JSav"
"Jahresschrift für mitteldeutsche Vorgeschichte","JSchrVgHalle"
"Journal of Semitic Studies","JSS"
"Journal of Theoretical Archaeology","JTheorA"
"Iura. Rivista internazionale di diritto romano e antico","Jura"
"The Journal of the Walters Art Gallery","JWaltersArtGal"
"Journal of the Warburg and Courtauld Institutes","JWCI"
"Kadmos. Zeitschrift für vor- und frühgriechische Epigraphik","Kadmos"
"Kairos. Zeitschrift für Judaistik und Religionswissenschaft","Kairos"
"Kalapodi. Ergebnisse der Ausgrabungen im Heiligtum der Artemis und des Apollon von Hyampolis in der antiken Phokis","Kalapodi"
"Kalathos. Revista del Seminario de arqueología y etnología Turolense, Universidad de Teruel","Kalathos"
"Kalós. Arte in Sicilia","Kalos"
"Karthago. Revue d'archéologie mediterranéenne","Karthago"
"Kêmi. Revue de philologie et d'archéologie égytiennes et coptes","Kemi"
"Kenchreai. Eastern Port of Corinth. Results of Investigations by the University of Chicago and Indiana University for the American School of Classical Studies at Athens","Kenchreai"
"Kent Archaeological Review","KentAR"
"Keos. Results of Excavations Conducted by the University of Cincinnati under the Auspices of the American School of Classical Studies at Athens","Keos"
"Kerameikos. Ergebnisse der Ausgrabungen","Kerameikos"
"Kernos. Revue internationale et pluridisciplinaire de religion grecque antique","Kernos"
"Klearchos. Bollettino dell'Associazione Amici del Museo nazionale di Reggio Calabria","Klearchos"
"Kleos. Estemporaneo di studi e testi sulla fortuna dell'antico","Kleos"
"Klio. Beiträge zur alten Geschichte","Klio"
"Kodai. Journal of Ancient History","Kodai"
"Kölner Jahrbuch","KoelnJb"
"Kölner Museums-Bulletin. Berichte und Forschungen aus den Museen der Stadt Köln","KoelnMusB"
"Kώκαλος. Studi pubblicati dall’Istituto di storia antica dell’Università di Palermo","Kokalos"
"Kolloquien zur Allgemeinen und Vergleichenden Archäologie","KollAVA"
"Kratylos. Kritisches Berichts- und Rezensionsorgan für indogermanische und allgemeine Sprachwissenschaft","Kratylos"
"Κρητικά Χρονικά","KretChron"
"Kratkie soobščenija o dokladach i polevych issledovanijach Instituta archeologii","KSIA"
"Kratkie soobščenija Instituta archeologii, Kiev","KSIAKiev"
"Kazı Sonuçları Toplantısı","KST"
"Ktema. Civilisations de l'Orient, de la Grèce et de Rome antiques","Ktema"
"Kunstgeschichtliche Anzeigen","KuGeschAnz"
"Kuml. Årbog for Jysk Arkaeologisk Selskab","Kuml"
"Kunstchronik. Monatsschrift für Kunstwissenschaft, Museumswesen und Denkmalpflege, Mitteilungsblatt des Verbandes Deutscher Kunsthistoriker","Kunstchronik"
"Kunst des Orients","KuOr"
"Kush. Journal of the National Corporation for Antiquities and Museums (NCAM)","Kush"
"Kunst der Welt in den Berliner Museen","KuWeltBerlMus"
"Κυπριακή Αρχαιολογία. Archaeologia Cypria","KypA"
"Κυπριακαì Σπουδαί","KypSpud"
"Labeo. Rassegna di ritritto romano","Labeo"
"Lexikon der Ägyptologie","LAe"
"Laietania. Estudios d'arqueologia del Maresme","Laietania"
"Lampas. Tijdschrift voor nederlandse classici","Lampas"
"Lancia. Revista de prehistoria, arqueología e historia antigua del noreste peninsular","Lancia"
"Landeskundliche Vierteljahrsblätter. Trier","LandKunVierJBl"
"Langues orientales anciennes. Philologie et linguistique","LangOrAnc"
"Latinitas. Commentarii linguae Latinae excolendae provehendae","Latinitas"
"Latomus. Revue d'études latines","Latomus"
"Laverna. Beiträge zur Wirtschafts- und Sozialgeschichte der Alten Welt","Laverna"
"A. D. Trendall, The Red-figured Vases of Lucania, Campania and Sicily (Oxford 1967--­1983)","LCS"
"Levant. Journal of the British School of Archaeology in Jerusalem and the British Institute at Amman for Archaeology and History","Levant"
"Lexis. Poetica, retorica e comunicazione nella tradizione classica","Lexis"
"Listy filologické","LF"
"Libyan Studies","LibSt"
"Libya antiqua","LibyaAnt"
"Libyca. Bulletin du Service des antiquités. Archéologie, épigraphie","LibycaBServAnt"
"Libyca. Travaux du Laboratoire d'anthropologie et d'archéologie préhistorique du Musée du Bardo","LibycaTrav"
"G. Liddell – R. Scott – H. S. Jones, A Greek-English Lexikon \textsuperscript{9}(1996)","Liddell-­Scott-Jones"
"Lexikon iconographicum mythologiae classicae","LIMC"
"Limesforschungen. Studien zur Organisation der römischen Reichsgrenze an Rhein und Donau","Limesforschungen"
"Lindos. Fouilles et recherches","Lindos"
"Linguistica, epigrafia, filologia italica","LingIt"
"Lexikon topographicum urbis Romae","LTUR"
"Lucentum. Anales de la Universidad de Alicante. Prehistoria, arqueología e historia antigua","Lucentum"
"Lund Archaeological Review","LundAR"
"Lustrum. Internationale Forschungsberichte aus dem Bereich des klassischen Altertums","Lustrum"
"Lykia. Anadolu-akdeniz kültürleri","Lykia"
"Macedoniae acta archaeologica","MacActaA"
"Maecenas. Studi sul mondo classico","Maecenas"
"Mitteilungen der Archäologischen Gesellschaft Graz","MAGesGraz"
"Mitteilungen der Archäologischen Gesellschaft Steiermark","MAGesStei"
"Maia. Rivista di letterature classiche","Maia"
"Mainake. Estudios de arqueología Malagueña","Mainake"
"Mitteilungen des Archäologischen Instituts der Ungarischen Akademie der Wissenschaften","MAInstUngAk"
"Mainzer Zeitschrift","MainzZ"
"Makedonsko nasledstvo. Spisanie za arheologija, istorija, istorija na umetnosta i etnologija","MakedNasl"
"Μακεδονικά. Σύγγραμμα Περιοδικόν της Εταιρείας Μακεδονικών Σπουδών","Makedonika"
"Monumenta Asiae Minoris antiqua. Publications of the American Society for Archaeological Research in Asia Minor","MAMA"
"Mitteilungen der Anthropologischen Gesellschaft in Wien","MAnthrWien"
"Monumenta artis Romanae","MARo"
"Marburger Winckelmann-Programm","MarbWPr"
"Le Marche. Archeologia, storia, territorio","Marche"
"Mari. Annales de recherches interdisciplinaires","Mari"
"Marisia. Studii şi materiale. Arheologie, istorie, etnografie","Marisia"
"Il Mar Nero. Annali di archeologia e storia","MarNero"
"Marsyas. Studies in the History of Art","Marsyas"
"Masca Journal. Museum Applied Science Center for Archaeology, University of Pennsylvania","MascaJ"
"Masca Research Papers in Science and Archaeology","MascaP"
"Mastia. Revista del Museo arqueológico municipal de Cartagena","Mastia"
"Materialy po archeologii BSSR","MatABSSR"
"Materialy po archeologii severnogo Pričernomor’ja","MatASevPri"
"Materiale şi cercetări arheologice","MatCercA"
"Materialy i issledovanija po archeologii SSSR","MatIsslA"
"Materiały starożytne","MatStar"
"Materiały starożytne i wczesnośredniowieczne","MatStarWczes"
"Materiali e discussioni per l'analisi dei testi classici","MatTestiCl"
"Materiały wczesnośredniowieczne","MatWczes"
"Materialien zur Allgemeinen und Vergleichenden Archäologie","MAVA"
"Madrider Beiträge","MB"
"Marburger Beiträge zur antiken Handels-, Wirtschafts- und Sozialgeschichte, vor Jahrgang 2009 Münstersche Beiträge zur antiken Handelsgeschichte","MBAH"
"Mitteilungsblatt für Vor- und Frühgeschichte","MBlVFruehGesch"
"Mitteilungen des Deutschen Archäologischen Instituts, Abteilung Kairo","MDAIK"
"Mitteilungen des Deutschen Archäologen-Verbandes e.V.","MDAVerb"
"Mitteilungen des Deutschen Archäologischen Instituts","MdI"
"Mitteilungen der Deutschen Orient-Gesellschaft zu Berlin","MDOG"
"Meander. Miesięcznik poświęcony kulturze świata starożytnego","Meander"
"Mediterranean Archaeology","MedA"
"Mediterraneo antico. Economie, società, culture","MedAnt"
"Meddelelser fra Ny Carlsberg Glyptotek","MeddelGlypt"
"Meddelanden från Lunds universtitets historiska museum","MeddelLund"
"Meddelelser fra Thorvaldsens Museum","MeddelThor"
"Mededelingen van het Nederlands instituut te Rome","MededRom"
"Medelhavsmuseet. Bulletin","MedelhavsMusB"
"Mediterranean Historical Review","MedHistR"
"Medieval Archaeology. Journal of the Society for Medieval Archaeology","MedievA"
"Medicina nei secoli. Arte e scienza","MediSec"
"Mélanges de l'École française de Rome. Antiquité","MEFRA"
"Mélanges de l'Université Saint-Joseph","MelBeyrouth"
"Mélanges de la Casa de Velázquez. Antiquité et moyen âge","MelCasaVelazquez"
"Mémoires de l'Académie des inscriptions et belles-lettres","MemAcInscr"
"Memoirs of the American Academy in Rome","MemAmAc"
"Memoria antiquitatis. Acta Musei Petrodavensis. Revista Muzeului arheologic Piatra Neamţ","MemAnt"
"Mémoires de la Société nationale des antiquaires de France","MemAntFr"
"Memoria. Universidad de Barcelona, Instituto de arqueología y prehistoria","MemBarcelA"
"Atti de la Accademia delle scienze dell'Istituto di Bologna. Memorie","MemBologna"
"Memorias de historia antigua (Universidad de Oviedo)","MemHistAnt"
"Mémoires de l'Institut national de France","MemInstNatFr"
"Atti dell'Accademia nazionale dei Lincei, Classe di scienze morali, storiche e filologiche. Memorie","MemLinc"
"Memorie dell'Accademia di archeologia, lettere e belle arti di Napoli","MemNap"
"Atti della Pontificia accademia romana di archeologia. Memorie","MemPontAc"
"Memoria storica. Rivista del Centro studi storici terni","MemStor"
"Memorie storiche forogiuliesi","MemStorFriuli"
"Mérida. Ciudad y patrimonio","Merida"
"Mérida. Excavaciones arqueológicas. Memoria","MeridaMem"
"Meroitica. Schriften zur altsudanesischen Geschichte und Archäologie","Meroitica"
"Mesopotamia. Rivista di archeologia","Mesopotamia"
"Messana. Rassegna di studi filologici, linguistici e storici","Messana"
"Métis. Revue d'anthropologie du monde grec ancien","Metis"
"Metropolitan Museum Journal","MetrMusJ"
"Metropolitan Museum Studies","MetrMusSt"
"Madrider Forschungen","MF"
"Mitteilungen zur frühchristlichen Archäologie in Österreich","MFruehChrOe"
"Milet. Ergebnisse der Ausgrabungen und Untersuchungen seit dem Jahr 1899","Milet"
"Milesische Forschungen","MilForsch"
"Minima epigraphica et papyrologica. Taccuini della cattedra e del laboratorio di epigrafia e papirologia giuridica dell'Università degli studi di Catanzaro »Magna Graecia«","MinEpigrP"
"Minerva. Revista de filología clásica","Minerva"
"Minos. Revista de filología egea","Minos"
"Mitteilungen. Leichtweiss-Institut für Wasserbau der Technischen Universität Braunschweig","MInstWasser"
"Mitteilungen des Instituts für Orientforschung","MIO"
"Miscellanea di studi di letteratura christiana antica","MiscCrAnt"
"Miscellanea di studi storici","MiscStStor"
"Mitteilungen zur christlichen Archäologie","MitChrA"
"Menschen – Kulturen – Traditionen. Studien aus den Forschungsclustern des Deutschen Archäologischen Instituts","MKT"
"Mitteilungen des Kunsthistorischen Institutes in Florenz","MKuHistFlorenz"
"Mitteilungen zur Kulturkunde","MKul"
"Madrider Mitteilungen","MM"
"Mnemosyne. A Journal of Classical Studies","Mnemosyne"
"Mitteilungen der Österreichischen Numismatischen Gesellschaft","MOeNumGes"
"Monumenti antichi","MonAnt"
"Monumenti inediti pubblicati dall'Istituto Archeologico","MonInst"
"Monuments et mémoires. Fondation E. Piot","MonPiot"
"Monumenti della pittura antica scoperti in Italia","MonPitt"
"Mozia. Rapporto preliminare della missione congiunta con la Soprintendenza alle antichità della Sicilia occidentale","Mozia"
"Mitteilungen der Prähistorischen Kommission der Österreichischen Akademie der Wissenschaften","MPraehistKomWien"
"Monografie della Scuola archeologica di Atene e delle missioni italiane in Oriente","MSAtene"
"Mitteilungen aus dem Heinrich-Schliemann-Museum Ankershagen","MSchliemann"
"Mitteilungsblatt der Schweizerischen Gesellschaft für Ur- und Frühgeschichte","MSchwUrFruehGesch"
"Mitteilungen zur spätantiken Archäologie und byzantinischen Kunstgeschichte","MSpaetAByz"
"Münchner Jahrbuch der bildenden Kunst","MueJb"
"Münchner Beiträge zur Vor- und Frühgeschichte","MuenchBeitrVFG"
"Münchener Studien zur Sprachwissenschaft","MuenchStSprWiss"
"Münzen und Medaillen","MuM"
"Museum Africum. West African Journal of Classical and Related Studies","MusAfr"
"Μουσείο Μπενάκη","MusBenaki"
"Museum criticum","MusCrit"
"Muse. Annual of the Museum of Art and Archaeology, University of Missouri, Columbia","Muse"
"Le Muséon. Revue d'études orientales","Museon"
"Museum. A Quarterly Review Published by UNESCO","MuseumUnesco"
"Musei Ferraresi. Bollettino annuale","MusFerr"
"Musei e gallerie d'Italia","MusGalIt"
"Museum Haaretz, Tel Aviv. Yearbook","MusHaaretz"
"Museum Helveticum","MusHelv"
"Museen in Köln. Bulletin","MusKoeln"
"Museum Notes. The American Numismatic Society","MusNotAmNumSoc"
"El Museo de Pontevedra","MusPontevedra"
"Museo in rivista. Notiziario dei Musei civici di Pavia","MusRiv"
"Museum Tusculanum. København","MusTusc"
"A Móra Ferenc múzeum évkönyve","MuzEvkSzeged"
"MuzeulnaionalBucureti","MuzNa"
"Muzei i pametnici na kulturata","MuzPamKul"
"Nachrichtenblatt Arbeitskreis Unterwasserarchäologie","NachrArbUWA"
"Napoli nobilissima","NapNobil"
"Nassauische Annalen","NassAnn"
"Nachrichten der Akademie der Wissenschaften in Göttingen. Philologisch-Historische Klasse","NAWG"
"News Bulletin and Calendar. Worcester Art Museum","NBWorcArtMus"
"Neue Ephemeris für semitische Epigraphik","NEphemSemEpigr"
"Newsletter of the Netherlands Institute at Athens","NewsletterAthen"
"Newsletter. Department of Pottery Technology, University of Leiden","NewsletterPotTech"
"Nachrichten von der Gesellschaft der Wissenschaften zu Göttingen. Philologisch-Historische Klasse","NGWG"
"Nigeria and the Classics","NigCl"
"Nikephoros. Zeitschrift für Sport und Kultur im Altertum","Nikephoros"
"Nin. Journal of Gender Studies in Antiquity","Nin"
"American Numismatic Society. Numismatic Notes and Monographs","NNM"
"Νομισματικά Χρονικά. Περιοδική Έκδωσις της Ελληνικής Νομισματικής Εταιρείας","NomChron"
"Norba. Revista de arte, geografía e historia","Norba"
"Nordisk numismatisk årsskrift. Utgiven av Kungliga vitterhets historie och antikvitets akademien i samarbete med Nordisk numismatisk union","NordNumArs"
"Notizie archeologiche bergomensi. Periodico di archeologia del Civico museo archeologico di Bergamo","NotABerg"
"Noticiario arqueológico hispánico. Arqueología","NotAHisp"
"Noticiario arqueológico hispánico. Prehistoria","NotAHispPrehistoria"
"Notiziario. Museo civico, Associazione archeologica, Allumiere","NotAllumiere"
"Notiziario. Soprintendenza archeologica della Lombardia","NotALomb"
"Notizie dal chiostro del monastero maggiore. Rassegna di studi del Civico museo archeologico e del Civico gabinetto numismatico di Milano","NotMilano"
"La nouvelle Clio","NouvClio"
"Novaensia. Badania Ekspedycji archeologicznej Uniwersytetu warszawskiego w Novae","Novaensia"
"Notizie degli scavi di antichità","NSc"
"Nuovi studi fanesi","NStFan"
"Nubia christiana","NubChr"
"Nubian Letters","NubLet"
"Nürnberger Blätter zur Archäologie. Publikationsreihe des Bildungszentrums der Stadt Nürnberg, Fachbereich Archäologie","NueBlA"
"Numismatica e antichità classiche. Quaderni ticinesi","NumAntCl"
"Numantia. Investigaciones arqueológicas en Castilla y León","Numantia"
"The Numismatic Chronicle. The Journal of the Royal Society","NumChron"
"Numen. International Review for the History of Religions","Numen"
"Numizmatika i epigrafika","NumEpigr"
"Numisma. Revista de la Sociedad iberoamericana de estudios numismáticos","Numisma"
"Numismatica. Periodico di cultura e di informazione numismatica","NumismaticaRom"
"Numizmatičar. Casopis za anticki i stari jugoslavenski novac","Numizmaticar"
"Nummus. Sociedade portuguesa de numismatica","Nummus"
"Numismatische Zeitschrift","NumZ"
"Nuovo Didaskaleion","NuovDidask"
"Occasional Publications in Classical Studies","OccasPublClSt"
"Occident and Orient","OccOr"
"W. Dittenberger, Orientis Graeci inscriptiones selectae (Leipzig 1903--­1905)","OGIS"
"Jahreshefte des Österreichischen Archäologischen Institutes in Wien","OeJh"
"Olympische Forschungen","OF"
"Offa. Berichte und Mitteilungen zur Urgeschiche, Frühgeschichte und Mittelalterarchäologie","Offa"
"Ogam. Bulletin des Amis de la tradition celtique","Ogam"
"Oikumene. Studia ad historiam antiquam classicam et orientalem pertinentia","Oikumene"
"Oriental Institute Publications","OIP"
"Olba. Mersin Üniversitesi Kilikia Arkeolojisini Araştırma Merkezi yayınları","Olba"
"Bericht über die Ausgrabungen in Olympia","OlBer"
"Olympia. Die Ergebnisse der von dem Deutschen Reich veranstalteten Ausgrabung (Berlin 1890--­1897)","Olympia"
"Excavations at Olynthus","Olynthus"
"Orientalistische Literaturzeitung","OLZ"
"Skrifter utgivna av Svenska institutet i Rom. Opuscula archaeologica","OpArch"
"Opuscula Atheniensia","OpAth"
"Opuscula Instituti Romani Finlandiae","OpFin"
"Opuscula Pompeiana","OpPomp"
"Opuscula Romana","OpRom"
"Opus. Rivista internazionale per la storia economica e sociale dell’antichità","Opus"
"Orientalia (Pontificio Istituto biblico)","Or"
"Orient-Archäologie","OrA"
"Oriens antiquus. Rivista del Centro per le antichità e la storia dell’arte del Vicino Oriente","OrAnt"
"Orbis terrarum. Internationale Zeitschrift für historische Geographie der Alten Welt","OrbTerr"
"Oriens christianus","OrChr"
"Orientalia christiana periodica","OrChrPer"
"Ordona. Rapports et études","Ordona"
"Orient. The Reports of the Society for Near Eastern Studies in Japan","Orient"
"Origini. Preistoria e protostoria delle civiltà antiche","Origini"
"Orizzonti. Rassegna di archeologia","Orizzonti"
"Orpheus. Rivista di umanità classica e cristiana","Orpheus"
"Orpheus. Journal of Indo-European, Palaeo-Balkan and Thracian Studies","OrpheusThracSt"
"Orientalia Suecana. An International Journal of Indological, Iranian, Semitic, Turkic Studies","OrSu"
"Osjekizbornik","OsjZbor"
"Ostbairische Grenzmarken. Passauer Jahrbuch für Geschichte, Kunst und Volkskunde","OstbGrenzm"
"Ostraka. Rivista di antichità","Ostraka"
"Oudheidkundige mededelingen uit het Rijksmuseum van oudheden te Leiden","OudhMeded"
"Oxford Journal of Archaeology","OxfJA"
"Oxford Studies in Ancient Philosophy","OxfStPhilos"
"Pact. Revue du Groupe européen d’études pour les techniques physiques, chimiques et mathématiques appliquées à l’archéologie","Pact"
"Padusa. Bolletino del Centro polesano di studi storici, archeologici ed etnografici, Rovigo","Padusa"
"Pagine di archeologia. Studi e materiali","PagA"
"Polevye archeologičeskie issledovanija","PAI"
"Paideuma. Mitteilungen zur Kulturkunde","Paideuma"
"Palaeohistoria. Acta et communicationes Instituti bio-archaeologici universitatis Groninganae","Palaeohistoria"
"Paleohispánica. Revista sobre lenguas y culturas de la Hispania antigua","Paleohispanica"
"Palladio. Rivista di storia dell’architettura","Palladio"
"Pallas. Revue d’études antiques","Pallas"
"Palmet. Sadberk Hanım Müzesi yıllığı","Palmet"
"Památky archeologické","PamA"
"Pan. Studi dell’Istituto di filologia latina","Pan"
"Papeles Bilbilitanos","PapBilb"
"Papyri. Bollettino del Museo del papiro","Papyri"
"Parthica. Incontri di culture nel mondo antico","Parthica"
"Partenope. Rivista trimestrale di cultura napoletana","Partenope"
"Prähistorische Archäologie in Südosteuropa","PAS"
"Prähistorische Bronzefunde","PBF"
"Pegasus. Berliner Beiträge zum Nachleben der Antike","Pegasus"
"Palestine Exploration Quarterly","PEQ"
"Peristil. Zbornik radova za povijest umjetnosti","Peristil"
"Persica. Jaarboek van het Genootschap Nederland-Iran, Stichting voor culturele betrekkingen","Persica"
"Peuce. Studii şi comunicări de istorie veche, arheologie şi numismatică","Peuce"
"Pergamenische Forschungen","PF"
"Pharos. Journal of the Netherlands Institute at Athens","Pharos"
"Philologus. Zeitschrift für das klassische Altertum","Philologus"
"Phoenix. The Journal of the Classical Association of Canada","Phoenix"
"Phoenix. Bulletin uitgegeven door het Vooraziatisch-Egyptisch Genootschap »Ex Oriente Lux«","PhoenixExOrLux"
"Phoibos. Bulletin du Cercle de philologie classique et orientale de l’Université libre de Bruxelles","Phoibos"
"Phronesis. A Journal for Ancient Philosophy","Phronesis"
"Picus. Studi e ricerche sulle Marche nell’antichità","Picus"
"Prosopographia Imperii Romani","LPIR"
"Propyläen Kunstgeschichte","PKG"
"Πλάτον. Δελτίον της Εταιρείας Ελλήνων Φιλολόγων","Platon"
"Papyrologica Lupiensia","PLup"
"Polish Archaeology in the Mediterranean","PolAMed"
"Πολέμων. Αρχαιολογικόν Περιοδικόν","Polemon"
"Polis. Revista de ideas y formas políticas de la antigüedad clásica","Polis"
"Pompeii, Herculaneum, Stabiae. Bolletino. Associazione internazionale Amici di Pompei","PompHercStab"
"Pontica. Studii şi materiale de istorie, arheologie şi muzeografie, Constanţa","Pontica"
"Portugália. Revista do Instituto de arqueologia da Faculdade de letras da Universidade do Porto","Portugalia"
"La parola del passato","PP"
"Pompei: Pitture e mosaici. Enciclopedia dell’arte antica classica e orientale","PPM"
"Prace archeologiczne","PraceA"
"Prace i materialy Muzeum archeologicznego i etnograficznego w Łodzi","PraceMatLodz"
"Πρακτικά της εν Αθήναις Αρχαιολογικής Εταιρείας","Prakt"
"Πρακτικά της Ακαδημίας Αθηνών","PraktAkAth"
"Preistoria alpina. Museo tridentino di scienze naturali","PreistAlp"
"Prilozi Instituta za arheologiju u Zagrebu","PriloziZagreb"
"Principe di Viana","PrincViana"
"Problemi na izkustvoto. Trimesecno spisanie za estetika, teorija, istorija i kritika na izkustvoto","ProblIsk"
"The Proceedings of the African Classical Associations","ProcAfrClAss"
"Proceedings of the Cambridge Philological Society","ProcCambrPhilSoc"
"Proceedings of the Danish Institute at Athens","ProcDanInstAth"
"Proceedings of the Prehistoric Society","ProcPrehistSoc"
"Prometheus. Rivista quadrimestrale di studi classici","Prometheus"
"Prospezioni archeologiche. Quaderni","ProspAQuad"
"Prospettiva. Rivista di storia dell’arte antica e moderna","Prospettiva"
"Prospezioni. Bollettino di informazioni scientifiche","Prospezioni"
"Provence historique","ProvHist"
"La provincia di Lucca","ProvLucca"
"Publicaciones de la Institución »Tello Téllez de Meneses«","PublInstTTMeneses"
"Pulpudeva. Semaines philippopolitaines de l’histoire et de la culture thrace","Pulpudeva"
"Puteoli. Studi di storia antica","Puteoli"
"Pyrenae. Crónica arqueológica","Pyrenae"
"Prähistorische Zeitschrift","PZ"
"The Quarterly of the Department of Antiquities in Palestine","QDAP"
"Quaderns d’arqueologia i història de la ciutat (Barcelona)","QuadABarcel"
"Quaderni. Soprintendenza archeologica per la provincie di Cagliari e Oristano","QuadACagl"
"Quaderni del Dipartimento delle arti, Università della Calabria","QuadACal"
"Quaderni di archeologia della Libia","QuadALibya"
"Quaderni di archeologia del Mantovano","QuadAMant"
"Quaderni di archeologia, Università di Messina","QuadAMess"
"Quaderni del Gruppo archeologico ostigliese","QuadAOst"
"Quaderni della Soprintendenza archeologica del Piemonte","QuadAPiem"
"Quaderni aquileiesi","QuadAquil"
"Quaderni d’archeologia reggiana","QuadAReggio"
"Quaderni di archeologia del Veneto","QuadAVen"
"Quaderns de prehistòria i arqueologia de Castelló","QuadCast"
"Quaderni catanesi di studi classici e medievali","QuadCat"
"Quaderni dell’Istituto di archeologia e storia antica, Università di Chieti","QuadChieti"
"Quaderni erbesi. Civico museo archeologico di Erba","QuadErb"
"Quaderni friulani di archeologia","QuadFriulA"
"Quaderni di Gerico","QuadGerico"
"Quaderni dell’Istituto di filologia greca","QuadIstFilGr"
"Quaderni dell’Istituto di lingua e letteratura latina, Università di Roma","QuadIstLat"
"Quaderni. Istituto di lingue e letterature classiche, Facoltà di magistero, Università degli studi, Lecce","QuadLecce"
"Museo civico Pontecorvo. Quaderni","QuadMusPontecorvo"
"Quaderni del Museo archeologico regionale Antonino Salinas","QuadMusSalinas"
"Quaderni di protostoria. Università di Perugia","QuadProtost"
"Quaderni. Centro studi lunensi","QuadStLun"
"Quaderni di storia","QuadStor"
"Quaderni storici","QuadStorici"
"Quaderni urbinati di cultura classica","QuadUrbin"
"Quaternaria. Storia naturale e culturale del quaternario","Quaternaria"
"Revue archéologique","RA"
"Revue des archéologues et historiens d’art de Louvain","RAArtLouv"
"Reallexikon für Antike und Christentum","RAC"
"Revue archéologique du Centre de la France","RACFr"
"Rivista archeologica dell’antica provincia e diocesi di Como","RAComo"
"Rivista di archeologia cristiana","RACr"
"Radovi Zavoda za povijesne znanosti, Hrvatska akademija znanosti i umjetnosti u Zadru","RadAkZadar"
"Radiocarbon. An International Journal of Cosmogenic Isotope Research","Radiocarbon"
"Radovi. Razdio povijesnih znanosti","RadSplit"
"Revue archéologique de l’Est et du Centre-Est","RAE"
"Raggi. Zeitschrift für Kunstgeschichte und Archäologie","Raggi"
"Revista de arqueología","RAMadrid"
"Revue archéologique de Narbonnaise","RANarb"
"Revista d’arqueologia de Ponent","RAPon"
"Raporty wykopaliskowe","RapWyk"
"Revista de archivos, bibliotecas y museos","RArchBiblMus"
"Revue d’archéométrie","RArcheom"
"La revue des arts. Musées de France","RArtMus"
"Rassegna di archeologia. Associazione archeologica piombinese","RassAPiomb"
"Rassegna del Lazio","RassLazio"
"Rassegna storica salernitana","RassStorSalern"
"Rassegna volterrana","RassVolt"
"Revue d’assyriologie et d’archéologie orientale","RAssyr"
"Ratiariensia. Studi e materiali mesici e danubiani","Ratiariensia"
"Revista atlántica-\-mediterránea de prehistoria y arqueología social","RAtlMed"
"Ravenna studi e ricerche","RavStRic"
"Raydan. Journal of the Ancient Yemeni Antiquities and Epigraphy","Raydan"
"Revue biblique","RB"
"Revue belge de numismatique et de sigillographie","RBelgNum"
"Revue belge de philologie et d’histoire","RBelgPhilHist"
"Reallexikon zur byzantinischen Kunst","LRBK"
"Rivista di cultura classica e medioevale","RCulClMedioev"
"Rivista di archeologia","RdA"
"Report of the Department of Antiquities, Cyprus","RDAC"
"Revue d’égyptologie (Kairo)","RdE"
"Revue internationale des droits de l’antiquité","RDroitsAnt"
"Paulys Realencyclopädie der classischen Altertumswissenschaft","RE"
"Revue des études anciennes","REA"
"Revue des études byzantines","REByz"
"Recueil des notices et memoires de la Société archéologique du département de Constantine","RecConstantine"
"Recherches archéologiques. Institut d’archéologie de l’Université de Cracovie","RechACrac"
"Recherches albanologiques","RechAlb"
"Recerques del Museu d’Alcoi","RecMusAlcoi"
"Recueil de travaux relatifs à philologie et l’archéologie égyptiennes et assyriennes","RecTrav"
"Revue des études grecques","REG"
"Rei Cretariae Romanae Fautorum acta","ReiCretActa"
"Rei Cretariae Romanae Fautores. Communicationes","ReiCretCommunic"
"Revue des études latines","REL"
"Ρήμα. Mitteilungen zur indogermanischen, vornehmlich indo-iranischen Wortkunde sowie zur holothetischen Sprachtheorie","Rema"
"Atti della Accademia delle scienze dell’Istituto di Bologna. Rendiconti","RendBologna"
"Rendiconti. Classe di lettere e scienze morali e storiche, Istituto lombardo, Accademia di scienze e lettere","RendIstLomb"
"Rendiconti dell’Accademia nazionale dei Lincei, Classe di scienze morali, storiche e filologiche","RendLinc"
"Rendiconti della Accademia di archeologia, lettere e belle arti, Napoli","RendNap"
"Rendiconti. Atti della Pontificia accademia romana di archeologia","RendPontAc"
"Report on the Working of the Museum Department, Malta, Department of Information","RepMalta"
"Reppal. Revue des études phénicienne-puniques et des antiquités libyques","Reppal"
"Annual Report. The Society for Libyan Studies","RepSocLibSt"
"Répertoire d’épigraphie sémitique (Paris 1900--1950)","RES"
"Revista de estudios ibéricos","REstIber"
"Revue des études arméniennes","REtArm"
"Revue égyptologique (Paris)","RevEg"
"Rivista di filologia e di istruzione classica","RFil"
"Revue des études géorgiennes et caucasiennes","RGeorgCauc"
"Römisch-Germanische Forschungen","RGF"
"Revista de Guimarães","RGuimar"
"Revue hittite et asianique","RHA"
"Das Rheinische Landesmuseum Bonn. Berichte aus der Arbeit des Museums","RheinMusBonn"
"Revue historique des armées","RHistArmees"
"Revue de l’histoire des religions","RHistRel"
"Rheinisches Museum für Philologie","RhM"
"Rivista dell’Istituto nazionale d’archeologia e storia dell’arte","RIA"
"H. Mattingly – E. A. Sydenham, The Roman Imperial Coinage","RIC"
"Ricerche di egittologia e di antichità copte","RicEgAntCopt"
"Ricognizioni archeologiche","RicognA"
"Ricerche e studi. Museo Francesco Ribezzo, Brindisi","RicStBrindisi"
"Rivista Ingauna e Intemelia","RIngIntem"
"Rivista italiana di numismatica e scienze affini","RItNum"
"Reallexikon der Assyriologie und vorderasiatischen Archäologie","RlA"
"Revue du Louvre. La revue des musées de France","RLouvre"
"Mitteilungen des Deutschen Archäologischen Instituts, Römische Abteilung","RM"
"Revue numismatique","RNum"
"Rocznik Muzeum narodowego w Warszawie","RoczMuzWarsz"
"Römisches Österreich. Jahresschrift der Österreichischen Gesellschaft für Archäologie","RoemOe"
"Römische Quartalschrift für christliche Altertumskunde und Kirchengeschichte","RoemQSchr"
"Romanobarbarica. Contributi allo studio dei rapporti culturali tra il mondo latino e mondo barbarico","Romanobarbarica"
"Romana gens. Bollettino dell’Associazione archeologica romana","RomGens"
"W. H. Roscher, Ausführliches Lexikon der griechischen und römischen Mythologie","RoscherML"
"Rossijskaja archeologija","RossA"
"Roman Provincial Coinage","RPC"
"Revue de philologie, de littérature et d’histoire anciennes","RPhil"
"Revista portuguesa de arqueologia","RPortA"
"Revista da Facultade de letras. Serie de historia. Universidade do Porto","RPorto"
"M. Crawford, Roman Republican Coinage (London 1974)","RRC"
"Revue de la Saintonge et de l’Aunis","RSaintonge"
"Rivista di scienze preistoriche","RScPreist"
"Rivista degli studi orientali","RSO"
"Rivista di studi bizantini e neoellenici","RStBiz"
"Rivista di studi classici","RStCl"
"Rivista di studi fenici","RStFen"
"Rivista di studi liguri","RStLig"
"Rivista di studi marchigiani","RStMarch"
"Rivista storica dell’antichità","RStorAnt"
"Rivista storica calabrese","RStorCal"
"Rivista di studi pompeiani","RStPomp"
"Rivista di studi punici","RStPun"
"Rivista di topografia antica","RTopAnt"
"Rudiae. Ricerche sul mondo classico","Rudiae"
"Saalburg-Jahrbuch. Bericht des Saalburg-Museums","SaalbJb"
"Saarbrücker Beiträge zur Altertumskunde","SaarBeitr"
"Saarbrücker Studien und Materialien zur Altertumskunde","SaarStMat"
"Sacer. Bollettino della Associazione storica saccarese","Sacer"
"Saeculum. Jahrbuch für Universalgeschichte","Saeculum"
"Studien zur Archäologie und Geschichte Altägyptens","SAGA"
"Saggi fenici","SaggiFen"
"Saguntum. Papeles del Laboratorio de arqueología de Valencia","Saguntum"
"Saitabi. Noticiario de historia, arte y arqueología de Levante","Saitabi"
"Studien zur altägyptischen Kultur","SAK"
"Salduie. Estudios de prehistoria y arqueología","Salduie"
"Samothrace. Excavations Conducted by the Institute of Fine Arts of New York University","Samothrace"
"Sandalion. Quaderni di cultura classica, cristiana e medievale","Sandalion"
"Sardis. Publications of the American Society for the Excavation of Sardis","Sardis"
"Sargetia. Acta Musei regionalis Devensis","Sargetia"
"Sarkophag-Studien","SarkSt"
"Sautuola. Revista del Instituto de prehistoria y arqueologia Sautuola","Sautuola"
"Savaria. Bulletin der Museen des Komitats Vas","Savaria"
"Sitzungsberichte der Deutschen Akademie der Wissenschaften zu Berlin. Klasse für Sprache, Literatur und Kunst","SBBerlin"
"Sitzungsberichte der Sächsischen Akademie der Wissenschaften zu Leipzig","SBLeipzig"
"Bayerische Akademie der Wissenschaften. Philosophisch-Historische Klasse. Sitzungsberichte","SBMuenchen"
"Sborník prací Filozofické fakulty Brněnské univerzity. M, Rada archeologická","SborBrno"
"Sitzungsberichte. Österreichische Akademie der Wissenschaften","SBWien"
"Scienze dell’antichità. Storia, archeologia, antropologia","ScAnt"
"The Swedish Cyprus Expedition","SCE"
"Schild von Steier. Beiträge zur Steirischen Vor- und Frühgeschichte und Münzkunde","SchildStei"
"Scholia. Natal Studies in Classical Antiquity","Scholia"
"Schweizer Münzblätter","SchwMueBl"
"Schweizerische numismatische Rundschau","SchwNumRu"
"Scrittura e civiltà","ScrCiv"
"Scripta classica Israelica. Yearbook of the Israel Society for the Promotion of Classical Studies","ScrClIsr"
"Scripta Hierosolymitana. Publications of the Hebrew University, Jerusalem","ScrHieros"
"Scripta mediterranea. Bulletin of the Society for Mediterranean Studies, Toronto","ScrMed"
"Sonderschriften des Deutschen Archäologischen Instituts, Abteilung Kairo","SDAIK"
"Supplementum epigraphicum Graecum","SEG"
"Seminari romani di cultura greca","SeminRom"
"Semitica. Cahiers publiés par l’Institut d’études sémitiques du College de France. Avec le concours du Centre national de la recherche scientifique","Semitica"
"Setúbal arqueológica","SetubalA"
"Sibrium. Collana di studi e documentazioni","Sibrium"
"Sicilia archeologica","SicA"
"Siculorum gymnasium","SicGymn"
"W. Dittenberger, Sylloge inscriptionum Graecarum (Leipzig 1915--­1924)","SIG"
"Sileno. Rivista di studi classici e cristiani","Sileno"
"Silk Road Art and Archaeology. Journal of the Institute of Silk Road Studies, Kamakura","SilkRoadArtA"
"Studies in Mediterranean Archaeology","SIMA"
"Simblos. Scritti di storia antica","Simblos"
"Skyllis. Zeitschrift für Unterwasserarchäologie","Skyllis"
"Slovenská archeológia","SlovA"
"Slovenská numizmatika","SlovNum"
"Studi micenei ed egeo-anatolici","SMEA"
"Sylloge nummorum Graecorum","SNG"
"(Bulletin trimestriel de la) Société de géographie et d’archéologie (de la province) d’Oran","SocGeoAOran"
"Soobščenija Gosudarstvennogo Ėrmitaža","SoobErmit"
"Soobščenija Gosudarstvennogo muzeja izobrazitel’nych isskustv imeni A. S. Puškina","SoobMuzMoskva"
"Sovetskaja archeologija","SovA"
"Spal. Revista de prehistoria y arqueología de la Universidad de Sevilla","Spal"
"Specimina nova dissertationum ex Instituto historico Universitatis Quinqueecclesiensis de Iano Pannonio nominatae","SpNov"
"Spoletium. Rivista di arte, storia, cultura","Spoletium"
"Studia archaeologica","StA"
"Stadion. Internationale Zeitschrift für Geschichte des Sports","Stadion"
"Städel-Jahrbuch","StaedelJb"
"Studia Aegyptiaca. Budapest","StAeg"
"Studia Albanica","StAlb"
"Studi di antichità. Università di Lecce","StAnt"
"StarinarArheoloki institut Beograd","Starinar"
"Studia archeologiczne. Uniwersytet Warszawski, Instytut archeologii","StAWarsz"
"Studium biblicum Franciscanum. Liber annuus","StBiFranc"
"Studi bitontini","StBitont"
"Studien zu den Bogazköy-Texten","StBoT"
"Studii şi cercetări de istorie veche şi arheologie","StCercIstorV"
"Studii şi cercetări de numismatică","StCercNum"
"Studii clasice. Societatea de studii clasice din Republica socialistă Romănia","StCl"
"Studi classici e orientali","StClOr"
"Studi e documenti di archeologia","StDocA"
"Studia et documenta historiae et iuris","StDocHistIur"
"Studi eblaiti","StEbla"
"Studi di egittologia e di antichità puniche","StEgAntPun"
"Studi e materiali. Soprintendenza ai beni archeologici per la Toscana","SteMat"
"Studi epigrafici e linguistici sul Vicino Oriente antico","StEpigrLing"
"Studi etruschi","StEtr"
"Studi genuensi","StGenu"
"Studia historica. Historia antigua","StHist"
"Stiftung zur Förderung der Hamburgischen Kunstsammlungen. Erwerbungen","StiftHambKuSamml"
"Studi italiani di filologia classica","StItFilCl"
"Studi latini e italiani","StLatIt"
"Studi magrebini","StMagreb"
"Studi e materiali di storia delle religioni","StMatStorRel"
"Studia Oliveriana","StOliv"
"Studia orientalia, Helsinki","StOr"
"Studi sull’Oriente cristiano","StOrCr"
"Studia papyrologica","StP"
"Strenna dei romanisti","StrennaRom"
"Studi romani","StRom"
"Studi romagnoli","StRomagn"
"Studi salentini","StSalent"
"Studi sardi","StSard"
"Studi storico-religiosi","StStorRel"
"Studi tardoantichi","StTardoant"
"Studi trentini di scienze storiche. Sezione seconda","StTrentStor"
"Studia Troica","StTroica"
"Studi urbinati. B, Scienze umane. 3, Linguistica, letteratura, arte","StUrbin"
"Sumer. A Journal of Archaeology (and History) in Iraq","Sumer"
"Sylva Mala. Bollettino del Centro di studi archeologici di Boscoreale, Boscotrecase e Trecase","SylvaMala"
"Symbolae Osloenses","SymbOslo"
"Syria. Revue d’art oriental et d’archéologie","Syria"
"Syro-Mesopotamian Studies","SyrMesopSt"
"Türk arkeoloji dergisi","TAD"
"Τάλαντα. Proceedings of the Dutch Archaeological and Historical Society","Talanta"
"E. Kalinka (Hrsg.), Tituli Asiae Minoris (Wien 1901--­1941)","TAM"
"Taras. Rivista di archeologia","Taras"
"Excavations at Gözlü Kule, Tarsus","Tarsus"
"Tübinger Atlas des Vorderen Orients","TAVO"
"Teheraner Forschungen","TeherF"
"Teiresias. A Review and Continuing Bibliography of Boiotian Studies","Teiresias"
"Tel Aviv. Journal of the Institute of Archaeology of Tel Aviv University","TelAvivJA"
"Acta Associationis internationalis »Terra antiqua balcanica«","TerraAntBalc"
"Terra dei Volsci. Annali del Museo archeologico di Frosinone","TerraVolsci"
"Teruel. Instituto de estudios turolenses","Teruel"
"Textiles anciens. Bulletin du Centre international d’étude des textiles anciens","TextilAnc"
"Theologische Rundschau","TheolRu"
"Thesaurus Cultus et Rituum Antiquorum","ThesCRA"
"Θεσσαλικά","Thessalika"
"Η Θεσσαλονίκη","Thessalonike"
"U. Thieme – F. Becker (Hrsg.), Allgemeines Lexikon der bildenden Künstler","Thieme-Becker"
"Θρακικά Χρονικά","ThrakChron"
"Θρακική Επετηρίδα","ThrakEp"
"Tabula Imperii Byzantini","TIB"
"Tibiscus. Istorie, arheologie. Muzeul Banatului Timişoara","Tibiscus"
"Tierras de León","TiLeon"
"Tiryns. Forschungen und Berichte","Tiryns"
"Tijdschrift voor Mediterrane archeologie","TMA"
"Τόποι. Orient – Occident","Topoi"
"La torretta. Rivista quadrimestrale a cura della Biblioteca comunale di Blera","Torretta"
"La Tour de l’Orle-d’Or, Semur-en-Auxois","TourOrleOr"
"Trabalhos de antropologia e etnologia","TrabAntrEtn"
"Trabalhos de arqueologia","TrabArq"
"Trabalhos da associação dos arqueólogos portugueses","TrabAssArqPort"
"Trabajos de arqueología de Navarra","TrabNavarra"
"Trabajos de prehistoria","TrabPrehist"
"Traditio. Studies in Ancient and Medieval History, Thought and Religion","Traditio"
"Transactions and Proceedings of the American Philological Association","TransactAmPhilAss"
"Transactions of the American Philosophical Society","TransactAmPhilosSoc"
"Transactions of the London and Middlesex Archaeological Society","TransactLond"
"Travaux et mémoires. Centre de recherche d’histoire et civilisation byzantine, Paris","TravMem"
"Travaux de l’Institut d’art préhistorique, Université de Toulouse – Le Mirail","TravToulouse"
"Trésors monétaires","TreMonet"
"Tribuna d’arqueologia","TribArq"
"Trudy Gosudarstvennogo Ėrmitaža","TrudyErmit"
"Trierer Winckelmannsprogramme","TrWPr"
"Trierer Zeitschrift für Geschichte und Kunst des Trierer Landes und seiner Nachbargebiete","TrZ"
"Türk Tarih Kurumu yayınları","TTKY"
"Türkiye Bilimler Akademisi arkeoloji dergisi","TueBA-Ar"
"Tyche. Beiträge zur Alten Geschichte, Papyrologie und Epigraphik","Tyche"
"Ugarit-Forschungen. Internationales Jahrbuch für die Altertumskunde Syrien-Palästinas","UF"
"Universitätsforschungen zur Prähistorischen Archäologie","UPA"
"L’Urbe. Rivista romana","LUrbe"
"Ur-Schweiz. La Suisse primitive","UrSchw"
"Vorläufiger Bericht über die von dem Deutschen Archäologischen Institut und der Deutschen Orient-Gesellschaft aus den Mitteln der Deutschen Forschungsgemeinschaft unternommenen Ausgrabungen in Uruk-Warka","UVB"
"Varstvo spomenikov","VarSpom"
"Vestnik drevnej istorii","VDI"
"Vekove. Dvumesečno spisanie. Bălgarsko istoričesko družestvo","Vekove"
"Veleia. Revista de prehistoria, historia antigua, arqueología y filología clásicas","Veleia"
"Venezia arti. Bolletino del Dipartimento di storia e critica delle arti dell’Università di Venezia","VenArt"
"Mededelingenblad. Vereniging van Vrienden Allard Pierson Museum","VerAmstMeded"
"Verbanus. Rassegna per la cultura, l’arte, la storia del lago","Verbanus"
"Vetera christianorum","VeteraChr"
"Veröffentlichungen der Gesellschaft Pro Vindonissa","VGesVind"
"Vichiana. Rassegna di studi filologici e storici","Vichiana"
"Vicino Oriente","VicOr"
"Vigiliae christianae","VigChr"
"Viminacium. Zbornik radova Narodnog muzeja","Viminacium"
"Visible Religion","VisRel"
"Beiträge zum römischen Oberwinterthur – Vitudurum. Ausgrabungen im Unteren Bühl","Vitudurum"
"Vivarium Scyllacense. Bollettino dell’Istituto di studi su Cassiodoro e sul medioevo in Calabria","VivScyl"
"Vizantijskij vremennik","VizVrem"
"Vjesnik Arheološkog muzeja u Zagrebu","VjesAMuzZagreb"
"Vjesnik za arheologiju i historiju dalmatinsku. Bulletin d’archéologie et d’histoire dalmates","VjesDal"
"Wad-al-Hayara. Revista de estudios de la Institución provincial de cultura »Marqués de Santillana« de Guadalajara","Wad-al-Hayara"
"Die Welt als Geschichte","WeltGesch"
"Wiadomości archeologiczne. Bulletin archéologique polonais","WiadA"
"Wissenschaftliche Mitteilungen des Bosnischen Landesmuseums, A. Archäologie","WissMBosn"
"Wissenschaftliche Zeitschrift der Humboldt-Universität zu Berlin. Gesellschafts- und sprachwissenschaftliche Reihe","WissZBerl"
"Wissenschaftliche Zeitschrift. Martin-Luther-Universität Halle-Wittenberg","WissZHalle"
"Wissenschaftliche Zeitschrift der Friedrich-Schiller-Universität Jena","WissZJena"
"Wissenschaftliche Zeitschrift der Universität Rostock","WissZRostock"
"Die Welt des Orients. Wissenschaftliche Beiträge zur Kunde des Morgenlandes","WO"
"World Archaeology","WorldA"
"Wiener Studien","WSt"
"Würzburger Jahrbücher für die Altertumswissenschaft","WuerzbJb"
"Wissenschaftliche Veröffentlichungen der Deutschen Orient-Gesellschaft","WVDOG"
"Wiener Zeitschrift für die Kunde des Morgenlandes","WZKM"
"Xenia. Semestrale di antichità","Xenia"
"Xenia antiqua","XeniaAnt"
"Xenia. Konstanzer althistorische Vorträge und Forschungen","XeniaKonst"
"Yale Classical Studies","YaleClSt"
"Yale University Art Gallery Bulletin","YaleUnivB"
"Zeitschrift für Assyriologie und vorderasiatische Archäologie","ZA"
"Zeitschrift für Archäologie Außereuropäischer Kulturen","ZAAK"
"Zeitschrift für ägyptische Sprache und Altertumskunde","ZAeS"
"Schriften des Zentrums für Archäologie und Kulturgeschichte des Schwarzmeerraumes","ZAKSSchriften"
"Zeitschrift für antikes Christentum","ZAntChr"
"Zeitschrift für die alttestamentliche Wissenschaft","ZAW"
"Zbornik Narodnog muzeja Beograd","ZborMuzBeograd"
"Zbornik radova Vizantološkog instituta. Recueil des travaux de l’Institut d’études byzantines, Beograd","ZborRadBeograd"
"Zbornik Instituta za historijske nauke u Zadru","ZborZadar"
"Zeitschrift der Deutschen Morgenländischen Gesellschaft","ZDMG"
"Zeitschrift des Deutschen Palästina-Vereins","ZDPV"
"Zephyrus. Revista de prehistoria y arqueología","Zephyrus"
"Zeitschrift für Ethnologie der Deutschen Gesellschaft für Völkerkunde und der Berliner Gesellschaft für Anthropologie, Ethnologie und Urgeschichte","ZEthn"
"Zeitschrift für Archäologie","ZfA"
"Zeitschrift für Numismatik","ZfNum"
"Živa antika. Antiquité vivante","ZivaAnt"
"Zeitschrift für Kunstgeschichte","ZKuGesch"
"Zeitschrift für die neutestamentliche Wissenschaft und die Kunde der älteren Kirche","ZNW"
"Zeitschrift für Papyrologie und Epigraphik","ZPE"
"Zeitschrift der Savigny-Stiftung für Rechtsgeschichte. Romanistische Abteilung","ZSav"
"Zeitschrift für Schweizerische Archäologie und Kunstgeschichte","ZSchwA"
"Zeitschrift für vergleichende Sprachforschung","ZVerglSprF"
