"2D Materials","2D Mater."
"AAPG Bulletin","AAPG Bull."
"AAPG Memoir","AAPG Mem."
"ACS Applied Energy Materials","ACS Appl. Energy Mater."
"ACS Applied Materials & Interfaces","ACS Appl. Mater. Interfaces"
"ACS Applied Nano Materials","ACS Appl. Nano Mater."
"ACS Energy Letters","ACS Energy Lett."
"ACS Nano","ACS Nano"
"ACS Omega","ACS Omega"
"ACS Photonics","ACS Photonics"
"AGSO Journal of Australian Geology and Geophysics","AGSO J. Aust. Geol. Geophys."
"AIAA Journal","AIAA J."
"AIChE Journal","AIChE J."
"AIP Advances","AIP Adv."
"AIP Conference Proceedings","AIP Conf. Proc."
"APL Bioengineering","APL Bioeng."
"APL Materials","APL Mater."
"APL Photonics","APL Photonics"
"ASME Journal of Applied Mechanics","J. Appl. Mech. Trans. ASME"
"AVS Quantum Science","AVS Quantum Sci."
"Accounts of Chemical Research","Acc. Chem. Res."
"Acta Chemica Scandinavica","Acta Chem. Scand."
"Acta Crystallographica, Section A: Crystal Physics, Diffraction,Theoretical and General Crystallography","Acta Crystallogr. Sec. A"
"Acta Crystallographica, Section B: Structural Crystallography and Crystal Chemistry","Acta Crystallogr. Sec. B"
"Acta Crystallographica","Acta Crystallogr."
"Acta Geologica Sinica","Acta Geol. Sin."
"Acta Geophysica","Acta Geophys."
"Acta Geotechnica","Acta Geotech."
"Acta Mathematica Academiae Scientiarum Hungaricae","Acta Math. Acad. Sci. Hung."
"Acta Metallurgica","Acta Metall."
"Acta Physica Austriaca","Acta Phys. Austriaca"
"Acta Physica Polonica A","Acta Phys. Pol. A"
"Acta Physica Polonica B","Acta Phys. Pol. B"
"Acta Physica Polonica","Acta Phys. Pol."
"Acta Physica","Acta Phys."
"Acta Seismologica Sinica","Acta Seismol. Sin."
"Acustica","Acustica"
"Advanced Electronic Materials","Adv. Electron. Mater."
"Advanced Energy Materials","Adv. Energy Mater."
"Advanced Engineering Materials","Adv. Eng. Mater."
"Advanced Functional Materials","Adv. Funct. Mater."
"Advanced Materials Interfaces","Adv. Mater. Interfaces"
"Advanced Materials Technologies","Adv. Mater. Technol."
"Advanced Materials for Optics and Electronics","Adv. Mater. Opt. Electron."
"Advanced Materials","Adv. Mater."
"Advanced Optical Materials","Adv. Opt. Mater."
"Advanced Quantum Technologies","Adv. Quantum Technol."
"Advances in Applied Mechanics","Adv. Appl. Mech."
"Advances in Atomic and Molecular Physics","Adv. At. Mol. Phys."
"Advances in Chemical Physics","Adv. Chem. Phys."
"Advances in Fluid Mechanics","Adv. Fluid Mech."
"Advances in Magnetic Resonance","Adv. Magn. Reson."
"Advances in Natural Sciences: Nanoscience and Nanotechnology","Adv. Nat. Sci.: Nanosci. Nanotechnol."
"Advances in Nuclear Physics","Adv. Nucl. Phys."
"Advances in Optics and Photonics","Adv. Opt. Photonics"
"Advances in Physics","Adv. Phys."
"Advances in Quantum Chemistry","Adv. Quantum Chem."
"Advances in Space Research","Adv. Space Res."
"Advances in Water Resources","Adv. Water Res."
"Advances in X-Ray Analysis","Adv. X-Ray Anal."
"Akusticheskii Zhurnal [Soviet PhysicsAcoustics]","Akust. Zh. [Sov. Phys. Acoust.]"
"American Association of Petroleum Geologists Bulletin","Am. Assoc. Pet. Geol. Bull."
"American Journal of Physics","Am. J. Phys."
"American Journal of Science","Am. J. Sci."
"American Laboratory","Am. Lab."
"American Mineralogist","Am. Mineral."
"Analytical Chemistry","Anal. Chem."
"Analytical Letters","Anal. Lett."
"Analytical Methods","Anal. Methods"
"Analytical Sciences","Anal. Sci."
"Andean Geology","Andean Geol."
"Angewandte Chemie International Edition","Angew. Chem. - Int. Ed."
"Annalen der Physik (Leipzig)","Ann. Phys. (Leipzig)"
"Annalen der Physik","Ann. Phys. (Berlin)"
"Annales de Chimie et de Physique","Ann. Chim. Phys."
"Annales de Geophysique","Ann. Geophys."
"Annales de Physique (Paris)","Ann. Phys. (Paris)"
"Annales de l'Institut Henri Poincaré, Section A: Physique Theorique","Ann. Inst. Henri Poincaré, A"
"Annales de l'Institut Henri Poincaré, Section B: Calculdes Probabilités et Statistique","Ann. Inst. Henri Poincaré, B"
"Annales de l'Institut Henri Poincaré","Ann. Inst. Henri Poincaré"
"Annals of Fluid Dynamics","Ann. Fluid Dyn."
"Annals of GIS","Ann. Gis"
"Annals of Glaciology","Ann. Glaciol."
"Annals of Mathematics","Ann. Math."
"Annals of Physics (New York)","Ann. Phys. (N.Y.)"
"Annals of Physics","Ann. Phys. (NY)"
"Annals of the New York Academy of Sciences","Ann. N.Y. Acad. Sci."
"Annual Review of Astronomy and Astrophysics","Annu. Rev. Astron. Astrophys."
"Annual Review of Atomic and Molecular Physics","Annu. Rev. At. Mol. Phys."
"Annual Review of Condensed Matter Physics","Annu. Rev. Condens. Matter Phys."
"Annual Review of Earth and Planetary Sciences","Annu. Rev. Earth Planet. Sci."
"Annual Review of Fluid Mechanics","Annu. Rev. Fluid Mech."
"Annual Review of Nuclear Science","Annu. Rev. Nucl. Sci."
"Annual Review of Physical Chemistry","Ann. Phys. Chem."
"Antarctic Science","Antarct. Sci."
"Anticancer Research","Anticancer Res."
"Applied Geochemistry","Appl. Geochem."
"Applied Geography","Appl. Geogr."
"Applied Geophysics","Appl. Geophys."
"Applied Materials Today","Appl. Mater. Today"
"Applied Mathematical Modelling","Appl. Math. Model."
"Applied Mathematics Letters","Appl. Math. Lett."
"Applied Mathematics and Computation","Appl. Math. Comput."
"Applied Mechanics Reviews","Appl. Mech. Rev."
"Applied Optics","Appl. Opt."
"Applied Physics A: Materials Science & Processing","Appl. Phys. Mater. Sci. Process."
"Applied Physics A","Appl. Phys. A"
"Applied Physics B","Appl. Phys. B"
"Applied Physics Express","Appl. Phys. Express"
"Applied Physics Letters","Appl. Phys. Lett."
"Applied Physics Reviews","Appl. Phys. Rev."
"Applied Sciences (Switzerland)","Appl. Sci. Switz."
"Applied Scientific Research","Appl. Sci. Res."
"Applied Spectroscopy","Appl. Spectrosc."
"Aquatic Geochemistry","Aquat. Geochem."
"Aquatic Sciences","Aquat. Sci."
"Archives of Mining Sciences","Arch. Min. Sci."
"Arkiv foer Fysik","Ark. Fys."
"Asian Journal of Experimental Sciences","Asian J. Exp. Sci."
"Asian Journal of Physics","Asian J. Phys."
"Astronomicheskii Zhurnal [Soviet Astronomy]","Astron. Zh. [Sov. Astron.]"
"Astronomische Nachrichten","Astron. Nachr."
"Astronomy & Geophysics","Astron. Geophys."
"Astronomy Letters","Astron. Lett."
"Astronomy and Astrophysics Review","Astron. Astrophys. Rev."
"Astronomy and Astrophysics","Astron. Astrophys."
"Astroparticle Physics","Astropart. Phys."
"Astrophysical Bulletin","Astrophys. Bull."
"Astrophysical Letters","Astrophys. Lett."
"Astrophysics and Space Science","Astrophys. Space Sci."
"Atomic Data and Nuclear Data Tables","At. Data. Nucl. Data Tables"
"Atomization and Sprays","Atomization Sprays"
"Atomnaya Energiya [Soviet Journal of Atomic Energy]","At. Energ. [Sov. J. At. Energy]"
"Australian Gemmologist","Aust. Gemmol."
"Australian Journal of Basic and Applied Sciences","Aust. J. Basic Appl. Sci."
"Australian Journal of Crop Science","Aust. J. Crop Sci."
"Australian Journal of Earth Sciences","Aust. J. Earth Sci."
"Australian Journal of Grape and Wine Research","Aust. J. Grape Wine Res."
"Australian Journal of Physics","Aust. J. Phys."
"BMR Journal of Geology and Geophysics","BMR J. Aust. Geol. Geophys."
"Basin Research","Basin Res."
"Bayer CropScience Journal","Bayer CropSci. J."
"Beilstein Journal of Nanotechnology","Beilstein J. Nanotechnol."
"Beiträge Zur Physik der Atmosphäre","Beitr. Zur Phys. Atmos."
"Bell Laboratories Record","Bell Lab. Rec."
"Bell System Technical Journal","Bell Syst. Tech. J."
"Berichte der Bunsengesellschaft für Physikalische Chemie","Ber. Bunsenges. Phys. Chem."
"Biofabrication","Biofabrication"
"Bioinspiration & Biomimetics","Bioinspir. Biomim."
"Biomedical Materials","Biomed. Mater."
"Biomedical Physics & Engineering Express","Biomed. Phys. Eng. Express"
"Biometrika","Biometrika"
"Biomicrofluidics","Biomicrofluidics"
"Boundary-Layer Meteorology","Boundary Layer Meteorol."
"British Journal of Applied Physics","Br. J. Appl. Phys."
"Bulletin of Alloy Phase Diagrams","Bull. Alloy Phase Diagr."
"Bulletin of Canadian Petroleum Geology","Bull. Can. Petrol. Geol."
"Bulletin of ECerS","Bull. ECerS"
"Bulletin of Engineering Geology and the Environment","Bull. Eng. Geol. Env."
"Bulletin of Glaciological Research","Bull. Glaciol. Res."
"Bulletin of The American Physical Society","Bull. Am. Phys. Soc."
"Bulletin of Volcanology","Bull. Volcanol."
"Bulletin of the Academy of Sciences of the USSR, Physical Series [translation of Izvestiya Akademii Nauk SSSR, Seriya Fizicheskaya]","Bull. Acad. Sci. USSR, Phys. Ser."
"Bulletin of the American Astronomical Society","Bull. Am. Astron. Soc."
"Bulletin of the American Meteorological Society","Bull. Am. Meteorol. Soc."
"Bulletin of the Astronomical Institutes of the Netherlands","Bull. Astron. Inst. Neth."
"Bulletin of the Chemical Society of Japan","Bull. Chem. Soc. Jpn."
"Bulletin of the Geological Society of Denmark","Bull. Geol. Soc. Den."
"Bulletin of the Seismological Society of America","Bull. Seismol. Soc. Am."
"Bureau of Mines Information Circular","Bur. Mines Inf. Circ."
"CIM Bulletin","CIM Bull."
"CIRP Annals","CIRP Ann."
"COSPAR Colloquia Series","COSPAR Colloq. Ser."
"Canadian Journal of Chemistry","Can. J. Chem."
"Canadian Journal of Earth Sciences","Can. J. Earth Sci."
"Canadian Journal of Genetics and Cytology","Can. J. Genet. Cytol."
"Canadian Journal of Physics","Can. J. Phys."
"Canadian Journal of Research","Can. J. Res."
"Canadian Mineralogist","Can. Mineral."
"Canadian Mining Journal","Can. Min. J."
"Chaos, Solitons & Fractals","Chaos, Solitons Fractals"
"Chaos","Chaos"
"Chemical Communications (Cambridge, England)","Chem. Commun. Camb. Engl."
"Chemical Physics Letters","Chem. Phys. Lett."
"Chemical Physics","Chem. Phys."
"Chemical Reviews","Chem. Rev."
"Chinese Astronomy and Astrophysics","Chin. Astron. Astrophy"
"Chinese Journal of Aeronautics","Chin. J. Aeronaut."
"Chinese Journal of Astronomy and Astrophysics","Chin. J. Astron. Astrophys."
"Chinese Journal of Geochemistry","Chin. J. Geochem."
"Chinese Journal of Physics","Chin. J. Phys."
"Chinese Physics B","Chin. Phys. B"
"Chinese Physics C","Chin. Phys. C"
"Chinese Physics Letters","Chin. Phys. Lett."
"Chinese Physics","Chin. Phys."
"Chinese Science Bulletin","Chin. Sci. Bull."
"Chinese-German Journal of Clinical Oncology","Chin. Ger. J. Clin. Oncol."
"Classical and Quantum Gravity","Class. Quantum Gravity"
"Combinatorics, Probability and Computing","Comb. Probab. Comput."
"Comments on Astrophysics and Space Physics","Comments Astrophys. Space Phys."
"Comments on Atomic and Molecular Physics","Comments At. Mol. Phys."
"Comments on Nuclear and Particle Physics","Comments Nucl. Part. Phys."
"Comments on Plasma Physics and Controlled Fusion","Comments Plasma Phys. Controlled Fusion"
"Comments on Solid State Physics","Comments Solid State Phys."
"Communications in Mathematical Physics","Commun. Math. Phys."
"Communications in Theoretical Physics","Commun. Theor. Phys."
"Communications on Pure and Applied Mathematics","Commun. Pure Appl. Math."
"Complex Systems","Complex Syst."
"Composite Interfaces","Compos. Interfaces"
"Composite Structures","Compos. Struct."
"Comptes Rendus Hebdomadaires des Séances de l’Académie des Sciences","C. R. Hebd. Séances Acad. Sci."
"Comptes Rendus Chimie","C. R. Chim."
"Comptes Rendus Geoscience","C. R. Geosci."
"Comptes Rendus Physique","C. R. Phys."
"Comptes Rendus de l'Académie des Sciences","C. R. Acad. Sci."
"Comptes Rendus de l’Académie des Sciences, Serie A: Sciences Mathématiques","C. R. Acad. Sci. Ser. A"
"Comptes Rendus de l'Académie des Sciences, Serie B: Sciences Physiques","C. R. Acad. Sci. Ser. B"
"Comptes Rendus de l'Académie des Sciences - Series I - Mathematics","Comptes Rendus Académie Sci. - Ser. I"
"Comptes Rendus de l'Académie des Sciences - Series IV - Physique et Astrophysique","Comptes Rendus Académie Sci. - Ser. IV"
"Computational Intelligence","Comput. Intell."
"Computational Mathematics and Mathematical Physics","Comput. Math. Math. Phys."
"Computational Mechanics","Comput. Mech."
"Computational Science & Discovery","Comput. Sci. Discovery"
"Computational Statistics and Data Analysis","Comput. Stat. Data Anal."
"Computer Physics Communications","Comput. Phys. Commun."
"Computers in Physics","Comput. Phys."
"Computing Letters","Comput. Lett."
"Computing in Science & Engineering","Comput. Sci. Eng."
"Condensed Matter Physics","Condens. Matter Phys."
"Condensed Matter Theories","Condens. Matter Theor."
"Contemporary Physics","Contemp. Phys."
"Continental Shelf Research","Cont. Shelf Res."
"Convergent Science Physical Oncology","Converg. Sci. Phys. Oncol."
"Cosmic Research","Cosmic Res."
"Cryogenics","Cryogenics"
"Current Applied Physics","Curr. Appl Phys."
"Czechoslovak Journal of Physics","Czech. J. Phys."
"Dalton Transactions","Dalton Trans."
"Diamond and Related Materials","Diam. Relat. Mater."
"Digital Signal Processing","Digital Signal Process."
"Discussions of the Faraday Society","Discuss. Faraday Soc."
"Doklady Akademii Nauk SSSR [Soviet Physics–Doklady]","Dokl. Akad. Nauk SSSR [Sov. Phys. Dokl.]"
"ECS Electrochemistry Letters","ECS Electrochem. Lett."
"ECS Journal of Solid State Science and Technology","ECS J. Solid State Sci. Technol."
"ECS Transactions","ECS Trans."
"EPJ Applied Metamaterials","EPJ Appl. Metamater."
"EPJ Data Science","EPJ Data Sci."
"EPJ Nuclear Sciences and Technologies","EPJ Nucl. Sci. Technol."
"EPJ Nonlinear Biomedical Physics","EPJ Nonlinear Biomed. Phys."
"EPJ Photovoltaics","EPJ Photovolt."
"EPJ Plus","EPJ Plus"
"EPJ Quantum Technology","EPJ Quantum Technol."
"EPJ Special Topics","EPJ Special Topics"
"EPJ Techniques and Instrumentation","EPJ Tech. Instrum."
"EPJ Web of Conferences","EPJ Web Conf."
"EPL (Europhysics Letters)","Europhys. Lett."
"e-Journal of Surface Science and Nanotechnology","E-J. Surf. Sci. Nanotechnol."
"Earth Planets Space [formerly Journal of Geomagnetism and Geoelectricity]","Earth Planets Space"
"Earth Science Frontiers","Earth Sci. Front."
"Earth Science Informatics","Earth Sci. Inf."
"Earth Sciences Research Journal","Earth Sci. Res. J."
"Earth and Planetary Science Letters","Earth Planet. Sci. Lett."
"Earth-Science Reviews","Earth Sci. Rev."
"Electron Backscatter Diffraction in Materials Science","Electron Backscatter Diffr. Mater. Sci."
"Electronic Structure","Electron. Struct."
"Electronics Letters","Electron. Lett."
"Energy Policy","Energy Policy"
"Engineering Research Express","Eng. Res. Express"
"Environmental Research Communications","Environ. Res. Commun."
"Environmental Research Letters","Environ. Res. Lett."
"European Journal of Applied Mathematics","Eur. J. Appl. Math."
"European Journal of Mechanics - A/Solids","Eur. J. Mech. A. Solids"
"European Journal of Mechanics - B/Fluids","Eur. J. Mech. B. Fluids"
"European Journal of Mineralogy","Eur. J. Mineral."
"European Journal of Phycology","Eur. J. Phycol."
"European Journal of Physics","Eur. J. Phys."
"Europhysics Letters","Europhys. Lett."
"Europhysics Letters (EPL)","Europhys. Lett."
"Experimental Astronomy","Exp. Astron."
"Experimental Heat Transfer","Exp. Heat Transfer"
"Experimental Hematology","Exp. Hematol."
"Experimental Mechanics","Exp. Mech."
"Experimental Mycology","Exp. Mycol."
"Experimental and Clinical Psychopharacology","Exp. Clin. Psychopharmacol."
"Experiments in Fluids","Exp. Fluids"
"Expert Systems with Applications","Expert Syst. Appl."
"Exploration Geophysics","Explor. Geophys."
"Exploration and Mining Geology","Explor. Min. Geol."
"Facta universitatis - series: Electronics and Energetics","Facta Univ. - Ser. Electron. Energ."
"Faraday Discussions","Faraday Discuss."
"Ferroelectrics","Ferroelectrics"
"Few-Body Systems","Few-Body Syst."
"Fields and Quanta","Fields Quanta"
"Fizika Elementarnykh Chastits i Atomnogo Yadra [Soviet Journal of Particles and Nuclei]","Fiz. Elem. Chastits At. Yadra [Sov. J. Part. Nucl.]"
"Fizika Metallov i Metallovedenie [Physics of Metals and Metallography (USSR)]","Fiz. Met. Metalloved. [Phys. Met. Metallogr. (USSR)]"
"Fizika Nizkikh Temperatur [Soviet Journal of Low Temperature Physics]","Fiz. Nizk. Temp. [Sov. J. Low Temp. Phys.]"
"Fizika Plazmy [Soviet Journal of Plasma Physics]","Fiz. Plazmy [Sov. J. Plasma Phys.]"
"Fizika Tverdogo Tela (Leningrad) [Soviet Physics–Solid State]","Fiz. Tverd. Tela (Leningrad) [Sov. Phys. Solid State]"
"Fizika i Tekhnika Poluprovodnikov [Soviet Physics–Semiconductors]","Fiz. Tekh. Poluprovodn. [Sov. Phys. Semicond.]"
"Flexible and Printed Electronics","Flex. Print. Electron."
"Fluid Dynamics Research","Fluid Dyn. Res."
"Fortschritte der Physik","Fortschr. Phys."
"Foundations of Physics","Found. Phys."
"Frontier Science Series","Front. Sci. Ser."
"Frontiers of Earth Science in China","Front Earth Sci. Chin."
"Functional Composites and Structures","Funct. Compos. Struct."
"Fuzzy Sets and Systems","Fuzzy Sets Syst."
"Gas Separation and Purification","Gas Sep. Purif."
"Gaswaerme International","Gaswaerme Int."
"General Relativity and Gravitation","Gen. Relativ. Gravit."
"Geo-Marine Letters","Geo-Mar. Lett."
"Geochemical Journal","Geochem. J."
"Geochemical Transactions","Geochem. Trans."
"Geochemistry, Geophysics, Geosystems","Geochem. Geophys. Geosyst."
"Geochemistry International","Geochem. Int."
"Geochimica et Cosmochimica Acta","Geochim. Cosmochim. Acta"
"Geological Journal","Geol. J."
"Geological Magazine","Geol. Mag."
"Geological Society, London, Special Publications","Geol. Soc. London Spec. Publ."
"Geological Society Special Publication","Geol. Soc. Spec. Pub."
"Geological Society Special Publications","Geol. Soc. Spec.Publ."
"Geological Society of America Bulletin","Geol. Soc. Am. Bull."
"Geological Society of America Special Papers","Geol. Soc. Spec. Pap."
"Geologie en Mijnbouw","Geol. Mijnbouw"
"Geologische Rundschau","Geol. Rundsch."
"Geologisches Jahrbuch","Geol. Jahrb."
"Geologiska Foereningens i Stockholm Foerhandlingar","GFF"
"Geologiya i Geofizika","Geol. Geofiz."
"Geology Today","Geol. Today"
"Geology of Ore Deposits","Geol. Ore Deposits"
"Geomagnetism and Aeronomy","Geomag. Aeron."
"Geomechanics and Geoengineering","Geomech. Geoeng."
"Geomechanics and Tunnelling","Geomech. Tunnelling"
"Geophysical Journal International","Geophys. J. Int."
"Geophysical Journal","Geophys. J."
"Geophysical Magazine","Geophys. Mag."
"Geophysical Prospecting","Geophys. Prospect."
"Geophysical Research Letters","Geophys. Res. Lett."
"Geosciences Journal","Geosci. J."
"Geostandards and Geoanalytical Research","Geostand. Geoanal. Res."
"Geotechnical Testing Journal","Geotech. Test. J."
"Geotextiles and Geomembranes","Geotext. Geomembr."
"Glass Research","Glass Res."
"Global Journal of Geological Sciences","Global J. Geol. Sci."
"Global Journal of Pure and Applied Sciences","Global J. Pure Appl. Sci."
"Gravitation and Cosmology","Gravitation Cosmol."
"Greenland Geoscience","Greenl. Geosci."
"Ground Water Monitoring Review","Ground Water Monit. Rev."
"Ground Water Monitoring and Remediation","Ground Water Monit. Rem."
"Ground Water","Ground Water"
"Heat Recovery Systems and CHP","Heat Recovery Syst. CHP"
"Heat Transfer - Asian Research","Heat Transfer Asian Res."
"Heat and Mass Transfer","Heat Mass Transfer"
"Helvetica Chimica Acta","Helv. Chim. Acta"
"Helvetica Physica Acta","Helv. Phys. Acta"
"High Temperature (USSR) [translation of Teplofizika Vysokikh Temperatur]","High Temp. (USSR)"
"Himalayan Geology","Himalayan Geol."
"Hydrogeology Journal","Hydrol. J."
"Hydrological Processes","Hydrol. Process."
"Hydrological Sciences Bulletin","Hydrol. Sci. Bull."
"Hydrological Sciences Journal","Hydrol. Sci. J."
"Hyperfine Interactions","Hyperfine Interact."
"IBM Journal of Research and Development","IBM J. Res. Dev."
"IBM Technical Disclosure Bulletin","IBM Tech. Discl. Bull."
"IEEE Electron Device Letters","IEEE Electron Device Lett."
"IEEE Geoscience and Remote Sensing Letters","IEEE Geosci. Remote Sens. Lett."
"IEEE Journal of Quantum Electronics","IEEE J. Quantum Electron."
"IEEE Journal of Selected Topics in Quantum Electronics","IEEE J. Sel. Top. Quantum Electron."
"IEEE Proceedings I - Solid-State and Electron Devices","IEEE Proc. Solid State Electron Devices"
"IEEE Transactions on Electron Devices","IEEE Trans. Electron Devices"
"IEEE Transactions on Geoscience and Remote Sensing","IEEE Trans. Geosci. Remote Sens."
"IEEE Transactions on Information Theory","IEEE Trans. Inf. Theory"
"IEEE Transactions on Instrumentation and Measurement","IEEE Trans. Instrum. Meas."
"IEEE Transactions on Magnetics","IEEE Trans. Magn."
"IEEE Transactions on Microwave Theory and Techniques","IEEE Trans. Microw. Theory Tech."
"IEEE Transactions on Nuclear Science","IEEE Trans. Nucl. Sci."
"IEEE Transactions on Sonics and Ultrasonics","IEEE Trans. Sonics Ultrason."
"IEEE Transactions on Terahertz Science and Technology","IEEE Trans. Terahertz Sci. Technol."
"IEEJ Transactions on Sensors and Micromachines","IEEJ Trans. Sens. Micromachines"
"IEICE Electronics Express","IEICE Electron. Express"
"IET Image Processing","IET Image Proc."
"IOP Conference Series: Earth and Environmental Science","IOP Conf. Ser.: Earth Environ. Sci."
"IOP Conference Series: Materials Science and Engineering","IOP Conf. Ser.: Mater. Sci. Eng."
"IOP SciNotes","IOP SciNotes"
"Icarus","Icarus"
"Industrial and Engineering Chemistry","Ind. Eng. Chem."
"Infrared Physics","Infrared Phys."
"Inorganic Chemistry","Inorg. Chem."
"Inorganic Materials (USSR) [translation of Izvestiya Akademii Nauk SSSR, Neorganicheskie Materialy]","Inorg. Mater. (USSR)"
"Instruments and Experimental Techniques (USSR) [translation of Pribory i Tekhnika Eksperimenta]","Instrum. Exp. Tech. (USSR)"
"International Applied Mechanics","Int. Appl. Mech."
"International DATA Series, Selected Data on Mixtures, Series A","Int. DATA Ser., Sel. Data Mixtures, Ser. A"
"International Geology Review","Int. Geol. Rev."
"International Journal for Numerical Methods in Fluids","Int. J. Numer. Methods Fluids"
"International Journal for Numerical and Analytical Methods in Geomechanics","Int. J. Numer. Anal. Methods Geomech."
"International Journal of Alternative Propulsion","Int. J. Altern. Propul."
"International Journal of Antimicrobial Agents","Int. J. Antimicrob. Agents"
"International Journal of Applied Earth Observation and Geoinformation","Int. J. Appl. Earth Obs. Geoinf."
"International Journal of Applied Glass Science","Int. J. Appl. Glass Sci."
"International Journal of Applied Systemic Studies","Int. J. Appl. Syst. Stud."
"International Journal of Approximate Reasoning","Int. J. Approximate Reasoning"
"International Journal of Aromatherapy","Int. J. Aromather."
"International Journal of Bifurcation and Chaos","Int. J. Bifurcation Chaos"
"International Journal of Cement Composites and Lightweight Concrete","Int. J. Cem. Compos. Lightweight Concrete"
"International Journal of Circuit Theory and Applications","Int. J. Circuit Theory Appl."
"International Journal of Climatology","Int. J. Climatol."
"International Journal of Coal Geology","Int. J. Coal Geol."
"International Journal of Computational Intelligence and Applications","Int. J. Comput. Intell. Appl."
"International Journal of Computational Methods","Int. J. Comput. Methods"
"International Journal of Computing Science and Mathematics","Int. J. Comput. Sci. Math."
"International Journal of Condensed Matter Research","Int. J. Condens. Matter Res."
"International Journal of Cosmetic Science","Int. J. Cosmet. Sci."
"International Journal of Crashworthiness","Int. J. Crashworthiness"
"International Journal of Critical Infrastructures","Int. J. Crit. Infrastruct."
"International Journal of Damage Mechanics","Int. J. Damage Mech"
"International Journal of Data Warehousing and Mining","Int. J. Data Warehouse. Min."
"International Journal of Digital Earth","Int. J. Digital Earth"
"International Journal of Earth Sciences","Int. J. Earth Sci."
"International Journal of Embedded Systems","Int. J. Embedded Syst."
"International Journal of Energy Research","Int. J. Energy Res."
"International Journal of Engine Research","Int. J. Engine Res."
"International Journal of Enterprise Information Systems","Int. J. Enterp. Inf. Syst."
"International Journal of Exergy","Int. J. Exergy"
"International Journal of Extreme Manufacturing","Int. J. Extrem. Manuf."
"International Journal of Fatigue","Int. J. Fatigue"
"International Journal of Fluid Mechanics Research","Int. J. Fluid Mech. Res."
"International Journal of Forming Processes","Int. J. Form. Processes"
"International Journal of Fracture Mechanics","Int. J. Fract.Mech."
"International Journal of Fracture","Int. J. Fract."
"International Journal of Fuzzy Systems","Int. J. Fuzzy Syst."
"International Journal of General Systems","Int. J. Gen. Syst."
"International Journal of Geomechanics","Int. J. Geomech."
"International Journal of Geometric Methods in Modern Physics","Int. J. Geom. Methods Mod. Phys."
"International Journal of Grid and Utility Computing","Int. J. Grid Util. Comput."
"International Journal of Heat Exchangers","Int. J. Heat Exch."
"International Journal of Heat and Fluid Flow","Int. J. Heat Fluid Flow"
"International Journal of Heat and Mass Transfer","Int. J. Heat Mass Transfer"
"International Journal of Heavy Vehicle Systems","Int. J. Heavy Veh. Syst."
"International Journal of High Performance Computing Applications","Int. J. High Perform. Comput. Appl."
"International Journal of High Performance Computing and Networking","Int. J. High Perform. Comput. Networking"
"International Journal of High Performance Systems Architecture","Int. J. High Perform. Syst. Archit."
"International Journal of Hydrogen Energy","Int. J. Hydrog. Energy"
"International Journal of Immunopharmacology","Int. J. Immunopharmacol."
"International Journal of Information Quality","Int. J. Inf. Qual."
"International Journal of Information Security","Int. J. Inf. Secur."
"International Journal of Innovative Computing and Applications","Int. J. Innovative Comput. Appl."
"International Journal of Intelligent Information and Database Systems","Int. J. Intell. Inf. Database Syst."
"International Journal of Intelligent Systems","Int. J. Intell. Syst."
"International Journal of Life Cycle Assessment","Int. J. Life Cycle Assess."
"International Journal of Magnetism","Int. J. Magn."
"International Journal of Man-Machine Studies","Int. J. Man Mach. Stud."
"International Journal of Mathematical, Computational, Physical, Electrical and Computer Engineering","Int. J. Math. Comput. Phys. Electr. Comput. Eng."
"International Journal of Mechanical Sciences","Int. J. Mech. Sci."
"International Journal of Metadata, Semantics and Ontologies","Int. J. Metadata Semant. Ontol."
"International Journal of Mine Water","Int. J. Mine Water"
"International Journal of Mineral Processing","Int. J. Miner. Process."
"International Journal of Modelling and Simulation","Int. J. Model. Simul."
"International Journal of Modern Physics A","Int. J. Mod. Phys. A"
"International Journal of Modern Physics B","Int. J. Mod. Phys. B"
"International Journal of Modern Physics C","Int. J. Mod. Phys. C"
"International Journal of Modern Physics D","Int. J. Mod. Phys. D"
"International Journal of Modern Physics E","Int. J. Mod. Phys. E"
"International Journal of Multiphase Flow","Int. J. Multiphase Flow"
"International Journal of Multiphysics","Int. J. Multiphys."
"International Journal of Neural Systems","Int. J. Neural Syst."
"International Journal of Non-Equilibrium Processing","Int. J. Non Equilibr. Process"
"International Journal of Non-Linear Mechanics","Int. J. Non Linear Mech."
"International Journal of Nondestructive Testing","Int. J. Nondestr. Test."
"International Journal of Numerical Methods for Heat and Fluid Flow","Int. J. Numer. Methods Heat Fluid Flow"
"International Journal of Oncology","Int. J. Oncol."
"International Journal of Optomechatronics","Int. J. Optomechatronics"
"International Journal of PIXE","Int. J. PIXE"
"International Journal of Peptide Research and Therapeutics","Int. J. Pept. Res. Ther."
"International Journal of Phycology and Phycochemistry","Int. J. Phycol. Phycochem."
"International Journal of Pressure Vessels and Piping","Int. J. Press. Vessels Pip."
"International Journal of Quantum Chemistry, Part 1","Int. J. Quantum Chem. 1"
"International Journal of Quantum Chemistry, Part 2","Int. J. Quantum Chem. 2"
"International Journal of Quantum Chemistry","Int. J. Quantum Chem."
"International Journal of Quantum Information","Int. J. Quantum Inf."
"International Journal of Refrigeration","Int. J. Refrig"
"International Journal of Rehabilitation Research","Int. J. Rehabil. Res."
"International Journal of Reliability and Safety","Int. J. Reliab. Saf."
"International Journal of Remote Sensing","Int. J. Remote Sens."
"International Journal of Rock Mechanics and Mining Sciences","Int. J. Rock Mech. Min. Sci."
"International Journal of Rotating Machinery","Int. J. Rotating Mach."
"International Journal of Security and Networks","Int. J. Secur. Netw."
"International Journal of Sediment Research","Int. J. Sediment Res."
"International Journal of Services Operations and Informatics","Int. J. Serv. Oper. Inf."
"International Journal of Shape Modeling","Int. J. Shaping Model."
"International Journal of Simulation and Process Modelling","Int. J. Simul. Process Model."
"International Journal of Soft Computing","Int. J. Soft Comput."
"International Journal of Solids and Structures","Int. J. Solids Struct."
"International Journal of Space Structures","Int. J. Space Struct."
"International Journal of Sustainable Development","Int. J. Sustainable Dev."
"International Journal of Systems Science","Int. J. Syst. Sci."
"International Journal of Theoretical Physics","Int. J. Theor. Phys."
"International Journal of Thermodynamics","Int. J. Thermodyn."
"International Journal of Thermophysics","Int. J. Thermophys."
"International Journal of Tropical Insect Science","Int. J. Trop. Insect Sci."
"International Journal of Uncertainty, Fuzziness and Knowlege-Based Systems","Int. J. Uncertainty Fuzziness Knowledge Based Syst."
"International Journal of Vehicle Autonomous Systems","Int. J. Veh. Auton. Syst."
"International Journal of Vehicle Noise and Vibration","Int. J. Veh. Noise Vib."
"International Journal of Vehicle Safety","Int. J. Veh. Saf."
"International Journal of Vehicle Systems Modelling and Testing","Int. J. Veh. Syst. Model. Test."
"International Journal of Ventilation","Int. J. Vent."
"International Journal of Water Resources Development","Int. J. Water Resour. Dev."
"International Journal of Water","Int. J. Water"
"International Journal of Web Services Research","Int. J. Web Serv. Res."
"International Journal of Web and Grid Services","Int. J. Web Grid Serv."
"International Journal of Wireless Information Networks","Int. J. Wireless Inf. Networks"
"International Journal of Wireless and Mobile Computing","Int. J. Wireless Mobile Comput."
"International Journal on Algae","Int. J. Algae"
"International Journal on Artificial Intelligence Tools","Int. J. Artif. Intell. Tools"
"International Journal on Document Analysis and Recognition","Int. J. Doc. Anal. Recogn."
"International Journal on Hydropower and Dams","Int. J. Hydropower Dams"
"International Nonwovens Journal","Int. Nonwovens J."
"Inverse Problems","Inverse Prob."
"Ion Exchange and Solvent Extraction","Ion Exch. Solvent Extr."
"Ironmaking and Steelmaking","Ironmaking Steelmaking"
"Isotope Geoscience","Isot. Geosci."
"Izvestiya, Academy of Sciences, USSR, Atmospheric and Oceanic Physics [translation of Izvestiya Akademii Nauk SSSR, Fizika Atmosfery i Okeana]","Izv. Acad. Sci. USSR, Atmos. Oceanic Phys."
"Izvestiya, Academy of Sciences, USSR, Physics of the Solid Earth [translation of Izvestiya Akademii Nauk SSSR, Fizika Zemli]","Izv. Acad. Sci. USSR, Phys. Solid Earth"
"Izvestiya Akademii Nauk SSSR, Fizika Atmosfery i Okeana [Izvestiya, Academy of Sciences, USSR, Atmospheric and Oceanic Physics]","Izv. Acad. Nauk SSSR, Fiz. Atmos. Okeana [Izv. Acad. Sci. USSR, Atmos. Oceanic Phys.]"
"Izvestiya Akademii Nauk SSSR, Fizika Zemli [Izvestiya, Academy of Sciences, USSR, Physics of the Solid Earth]","Izv. Acad. Nauk SSSR, Fiz. Zemli. [Izv. Acad. Sci. USSR, Phys. Solid Earth]"
"Izvestiya Akademii Nauk SSSR, Neorganicheskie Materialy [Inorganic Materials (USSR)]","Izv. Akad. Nauk SSSR, Neorg. Mater. [Inorg. Mater. (USSR)]"
"Izvestiya Akademii Nauk SSSR, Seriya Fizicheskaya [Bulletin of the Academy of Sciences of the USSR, Physical Series]","Izv. Acad. Nauk SSSR, Ser. Fiz. [Bull. Acad. Sci. USSR, Phys. Ser.]"
"Izvestiya Physics of the Solid Earth","Izv. Phys. Solid Earth"
"Izvestiya Vysshikh Uchebnykh Zavedenii, Fizika [Soviet Physics Journal]","Izv. Vyssh. Uchebn. Zavad. Fiz. [Sov. Phys. J.]"
"Izvestiya Vysshikh Uchebnykh Zavedenii, Radiofizika [Soviet Radiophysics]","Izv. Vyssh. Uchebn. Zaved. Radiofiz. [Sov. Radiophys.]"
"Izvestiya: Mathematics","Izv. Math."
"JETP Letters","JETP Lett."
"Jahrbuch Oberflachentechnik","Jahrb. Oberflachentech."
"Japanese Journal of Applied Physics, Part 1","Jpn. J. Appl. Phys., Part 1"
"Japanese Journal of Applied Physics, Part 2: Letters and Express Letters","Jpn. J. Appl. Phys. Part 2 Lett. Express Lett."
"Japanese Journal of Applied Physics, Part 2","Jpn. J. Appl. Phys., Part 2"
"Japanese Journal of Applied Physics","Jpn. J. Appl. Phys."
"Japanese Journal of Phycology","Jpn. J. Phycol."
"Japanese Journal of Physics","Jpn. J. Phys."
"Journal American Water Works Association","J. Am. Water Works Assn."
"Journal de Chimie Physique","J. Chim. Phys."
"Journal de Physique (Paris)","J. Phys. (Paris)"
"Journal de Physique Colloques","J. Phys. Colloq."
"Journal de Physique IV (Proceedings)","J. Phys. IV Proc."
"Journal de Physique IV","J. Phys. IV"
"Journal de Physique et le Radium","J. Phys. Radium"
"Journal of AOAC International","J. AOAC Int."
"Journal of ASTM International","J. ASTM Int."
"Journal of Alloys and Compounds","J. Alloys"
"Journal of Applied Crystallography","J. Appl. Crystallogr."
"Journal of Applied Geophysics","J. Appl. Geophys."
"Journal of Applied Mathematics and Computing","J. Appl. Math. Comput."
"Journal of Applied Mathematics and Mechanics","J. Appl. Math. Mech."
"Journal of Applied Mechanics","J. Appl. Mech."
"Journal of Applied Phycology","J. Appl. Phycol."
"Journal of Applied Physics","J. Appl. Phys."
"Journal of Applied Remote Sensing","J. Appl. Remote Sens."
"Journal of Applied Spectroscopy (USSR) [translation of Zhurnal Prikladnoi Spektroskopii]","J. Appl. Spectrosc. (USSR)"
"Journal of Applied Systems Analysis","J. Appl. Syst. Anal."
"Journal of Asian Earth Sciences","J. Asian Earth Sci."
"Journal of Astronautical Sciences","J. Astronaut. Sci."
"Journal of Astrophysics and Astronomy","J. Astrophys. Astron."
"Journal of Atmospheric Sciences","J. Atmos. Sci."
"Journal of Atmospheric and Terrestrial Physics","J. Atmos. Terr. Phys."
"Journal of Breath Research","J. Breath Res."
"Journal of Colloid and Interface Science","J. Colloid Interface Sci."
"Journal of Computational Physics","J. Comput. Phys."
"Journal of Computational and Applied Mathematics","J. Comput. Appl. Math."
"Journal of Contemporary Physics","J. Contemp. Phys."
"Journal of Cosmology and Astroparticle Physics","J. Cosmol. Astropart. Phys."
"Journal of Crystal Growth","J. Cryst. Growth"
"Journal of Display Technology","J. Disp. Technol."
"Journal of Earth Science","J. Earth Sci."
"Journal of Earth System Science","J. Earth Syst. Sci."
"Journal of Elasticity","J. Elast."
"Journal of Electroceramics","J. Electroceramics"
"Journal of Electron Spectroscopy and Related Phenomenon","J. Electron Spectrosc. Relat. Phenom."
"Journal of Electronic Materials","J. Electron. Mater."
"Journal of Experimental and Theoretical Physics","J. Exp. Theor. Phys."
"Journal of Fire Sciences","J. Fire Sci."
"Journal of Fluid Mechanics","J. Fluid Mech."
"Journal of Fluids and Structures","J. Fluids Struct."
"Journal of Geochemical Exploration","J. Geochem. Explor."
"Journal of Geodesy","J. Geod."
"Journal of Geodynamics","J. Geodyn."
"Journal of Geographical Sciences","J. Geog. Sci."
"Journal of Geology","J. Geol."
"Journal of Geometry and Physics","J. Geom. Phys."
"Journal of Geophysical Research, A: Space Physics","J. Geophys. Res. A: Space Phys."
"Journal of Geophysical Research, B: Solid Earth","J. Geophys. Res. B: Solid Earth"
"Journal of Geophysical Research, Earth Surface","J. Geophys. Res. Earth Surf."
"Journal of Geophysical Research, Oceans","J. Geophys. Res. Oceans"
"Journal of Geophysical Research, Solid Earth","J. Geophys. Res. Solid Earth"
"Journal of Geophysical Research, Space Physics","J. Geophys. Res. Space Phys."
"Journal of Geophysical Research","J. Geophys. Res."
"Journal of Geophysics","J. Geophys."
"Journal of Geosciences","J. Geosci."
"Journal of Great Lakes Research","J. Great Lakes Res."
"Journal of Hazardous materials","J. Hazard. Mater."
"Journal of Heat Transfer","J. Heat Transfer"
"Journal of Heat Treating","J. Heat. Treat."
"Journal of High Energy Physics","J. High Energy Phys."
"Journal of Hydro-environment Research","J. Hydro-environ. Res."
"Journal of Hydrodynamics, Series B","J. Hydrodyn. Ser. B"
"Journal of Hydrology","J. Hydrol."
"Journal of Infrared, Millimeter, and Terahertz Waves","J. Infrared Millim. Terahertz Waves"
"Journal of Inorganic and Nuclear Chemistry","J. Inorg. Nucl. Chem."
"Journal of Instrumentation","J. Instrum."
"Journal of Lightwave Technology","J. Light. Technol."
"Journal of Low Temperature Physics","J. Low Temp. Phys."
"Journal of Luminescence","J. Lumin."
"Journal of Macromolecular Science, [Part B] Physics","J. Macromol. Sci. Phys."
"Journal of Magnetism and Magnetic Materials","J. Magn. Magn. Mater."
"Journal of Marine Research","J. Mar. Res."
"Journal of Marine Science and Application","J. Mar. Sci. Appl."
"Journal of Marine Systems","J. Mar. Sys."
"Journal of Materials Science: Materials in Electronics","J. Mater. Sci. Mater. Electron."
"Journal of Mathematical Fluid Mechanics","J. Math. Fluid Mech."
"Journal of Mathematical Physics (New York)","J. Math. Phys. (N.Y.)"
"Journal of Mathematical Physics","J. Math. Phys."
"Journal of Metamorphic Geology","J. Metamorph. Geol."
"Journal of Micromechanics and Microengineering","J. Micromechanics Microengineering"
"Journal of Mineralogical and Petrological Sciences","J. Mineral. Petrol. Sci."
"Journal of Mining Science","J. Min. Sci."
"Journal of Molecular Spectroscopy","J. Mol. Spectrosc."
"Journal of Multiscale Modeling","J. Multiscale Model."
"Journal of Nanoparticle Research","J. Nanoparticle Res. Interdiscip. Forum Nanoscale Sci. Technol."
"Journal of Nanophotonics","J. Nanophoton."
"Journal of Nature Conservation","J. Nat. Conserv."
"Journal of Navigation","J. Navig."
"Journal of Neural Engineering","J. Neural Eng."
"Journal of Non-Crystalline Solids","J. Non-Cryst. Solids"
"Journal of Non-Equilibrium Thermodynamics","J. Non-Equilib. Thermodyn."
"Journal of Non-Newtonian Fluid Mechanics","J. Non-Newtonian Fluid Mech."
"Journal of Nondestructive Evaluation","J. Nondestr. Eval."
"Journal of Nonlinear Mathematical Physics","J. Nonlinear Math. Phys."
"Journal of Nonlinear Science","J. Nonlinear Sci."
"Journal of Nuclear Energy, Part C: Plasma Physics, Accelerators, Thermonuclear Research","J. Nucl. Energy C"
"Journal of Nuclear Energy","J. Nucl. Energy"
"Journal of Nuclear Materials","J. Nucl. Mater."
"Journal of Optics","J. Opt."
"Journal of Paleolimnology","J. Paleolimnol."
"Journal of Paleontology","J. Paleontol."
"Journal of Palynology","J. Palynol."
"Journal of Peptide Science","J. Pept. Sci."
"Journal of Petroleum Geology","J. Pet. Geol"
"Journal of Petrology","J. Petrol."
"Journal of Phase Equilibria","J. Phase Equilibria"
"Journal of Phase Equilibrium and Diffusion","J. Phase Equilib. Diffus."
"Journal of Phase Equilibrium","J. Phase Equilib."
"Journal of Photochemistry and Photobiology C: Photochemistry Reviews","J. Photochem. Photobiol. C Photochem. Rev."
"Journal of Photochemistry and Photobiology","J. Photochem. Photobiol. Chem."
"Journal of Physical Chemistry","J. Phys. Chem."
"Journal of Physical and Chemical Reference Data","J. Phys. Chem. Ref. Data"
"Journal of Physics (Moscow)","J. Phys. (Moscow)"
"Journal of Physics A: General Physics","J. Phys. A: Gen. Phys."
"Journal of Physics A: Mathematical and General","J. Phys. A: Math. Gen."
"Journal of Physics A: Mathematical, Nuclear and General","J. Phys. A: Math. Nucl. Gen."
"Journal of Physics A: Mathematical and Theoretical","J. Phys. A: Math. Theor."
"Journal of Physics A","J. Phys. A"
"Journal of Physics B: Atomic, Molecular and Optical Physics","J. Phys. B: At. Mol. Opt. Phys."
"Journal of Physics B: Atomic and Molecular Physics","J. Phys. B: At. Mol. Phys."
"Journal of Physics B","J. Phys. B"
"Journal of Physics C: Solid State Physics","J. Phys. C: Solid State Phys."
"Journal of Physics C","J. Phys. C"
"Journal of Physics Communications","J. Phys. Commun."
"Journal of Physics D: Applied Physics","J. Phys. D: Appl. Phys."
"Journal of Physics D","J. Phys. D"
"Journal of Physics E: Scientific Instruments","J. Phys. E: Sci. Instrum."
"Journal of Physics E","J. Phys. E"
"Journal of Physics F: Metal Physics","J. Phys. F: Met. Phys."
"Journal of Physics F","J. Phys. F"
"Journal of Physics G: Nuclear and Particle Physics","J. Phys. G: Nucl. Part. Phys."
"Journal of Physics G","J. Phys. G"
"Journal of Physics and Chemistry of Solids","J. Phys. Chem. Solids"
"Journal of Physics: Complexity","J. Phys. Complexity"
"Journal of Physics: Condensed Matter","J. Phys.: Condens. Matter"
"Journal of Physics: Conference Series","J. Phys.: Conf. Ser."
"Journal of Physics: Energy","J. Phys. Energy"
"Journal of Physics: Materials","J. Phys. Mater."
"Journal of Physics: Photonics","J. Phys. Photonics"
"Journal of Plasma Physics","J. Plasma Phys."
"Journal of Polymer Science, Polymer Letters Edition","J. Polym. Sci. Polym. Lett. Ed."
"Journal of Polymer Science, Polymer Physics Edition","J. Polym. Sci. Polym. Phys. Ed."
"Journal of Polymer Science","J. Polym. Sci."
"Journal of Porphyrins and Phthalocyanines","J. Porphyrins Phthalocyanines"
"Journal of Quantitative Spectroscopy & Radiative Transfer","J. Quant. Spectrosc. Radiat. Transf."
"Journal of Radiological Protection","J. Radiol. Prot."
"Journal of Renewable & Sustainable Energy","J. Renew. Sustain. Energy"
"Journal of Research of the National Bureau of Standards, Section A: Physics and Chemistry","J. Res. Natl. Bur. Stand. Sec. A"
"Journal of Research of the National Bureau of Standards, Section B: Mathematical Sciences","J. Res. Natl. Bur. Stand. Sec. B"
"Journal of Research of the National Bureau of Standards, Section C: Engineering and Instrumentation","J. Res. Natl. Bur. Stand. Sec. C"
"Journal of Research of the National Bureau of Standards","J. Res. Natl. Bur. Stand."
"Journal of Research of the National Institute of Standards and Technology","J. Res. Natl. Inst. Stand. Technol."
"Journal of Rheology","J. Rheol."
"Journal of Science: Advanced Materials and Devices","J. Sci. Adv. Mater. Devices"
"Journal of Scientific Computing","J. Sci. Comput."
"Journal of Scientific Instruments","J. Sci. Instrum."
"Journal of Sea Research","J. Sea Res."
"Journal of Sedimentary Petrology","J. Sediment. Petrol."
"Journal of Sedimentary Research","J. Sediment. Res."
"Journal of Seismology","J. Seismolog."
"Journal of Semiconductor Technology and Science","J. Semicond. Technol. Sci."
"Journal of Semiconductors","J. Semicond."
"Journal of Sound and Vibration","J. Sound Vib."
"Journal of South American Earth Sciences","J. South Amer. Earth Sci."
"Journal of Southeast Asian Earth Sciences","J. Southeast Asian Earth Sci."
"Journal of Statistical Computation and Simulation","J. Stat. Comput. Simul."
"Journal of Statistical Mechanics: Theory and Experiment","J. Stat. Mech.: Theory Exp."
"Journal of Statistical Physics","J. Stat. Phys."
"Journal of Structural Geology","J. Struct. Geol."
"Journal of Superconductivity","J. Supercond."
"Journal of Surface Investigation: X-ray, Synchrotron and Neutron Techniques","J. Surf. Investig. X-Ray Synchrotron Neutron Tech."
"Journal of Synchrotron Radiation","J. Synchrotron Radiat."
"Journal of Systematic Palaeontology","J. Syst. Paleontol."
"Journal of Terramechanics","J. Terramech."
"Journal of Theoretical Biology","J. Theor. Biol."
"Journal of Thermophysics and Heat Transfer","J. Thermophys Heat Transfer"
"Journal of Ultrasound","J. Ultrasound"
"Journal of Ultrastructure Research","J. Ultrastruct. Res."
"Journal of VLSI Signal Processing","J. VLSI Sig. Proc."
"Journal of Vacuum Science & Technology A: Vacuum, Surfaces, and Films","J. Vac. Sci. Technol. A: Vac. Surf. Films"
"Journal of Vacuum Science & Technology A","J. Vac. Sci. Technol. A"
"Journal of Vacuum Science & Technology B: Microelectronics Processing and Phenomena","J. Vac. Sci. Technol. B: Microelectron. Process. Phenom."
"Journal of Vacuum Science & Technology B: Microelectronics and Nanometer Structures","J. Vac. Sci. Technol. B: Microelectron. Nanometer Struct."
"Journal of Vacuum Science & Technology B","J. Vac. Sci. Technol. B"
"Journal of Vacuum Science and Technology","J. Vac. Sci. Technol."
"Journal of Volcanology and Geothermal Research","J. Volcanol. Geotherm. Res."
"Journal of Volcanology and Seismology","J. Volcanol. Seismolog."
"Journal of the Acoustical Society of America","J. Acoust. Soc. Am."
"Journal of the American Ceramic Society","J. Am. Ceram. Soc."
"Journal of the American Chemical Society","J. Am. Chem. Soc."
"Journal of the American Institute of Electrical Engineers","J. Am. Inst. Electr. Eng."
"Journal of the Audio Engineering Society","J. Audio Eng. Soc."
"Journal of the Chemical Society","J. Chem. Soc."
"Journal of the China University of Geosciences","J. China Univ. Geosci."
"Journal of the Electrochemical Society","J. Electrochem. Soc."
"Journal of the Franklin Institute","J. Franklin Inst."
"Journal of the Geological Society (London, United Kingdom)","J. Geol. Soc. (London, U.K.)"
"Journal of the Geological Society of Australia","J. Geol. Soc. Aust."
"Journal of the Geological Society of Jamaica","J. Geol. Soc. Jam."
"Journal of the Geological Society of London","J. Geol. Soc. London"
"Journal of the Institute of Petroleum","J. Inst. Pet."
"Journal of the Korean Physical Society","J. Korean Phys. Soc."
"Journal of the Magnetics Society of Japan","J. Magn. Soc. Jpn."
"Journal of the Mechanics and Physics of Solids","J. Mech. Phys. Solids"
"Journal of the Optical Society of America A: Optics, Image Science & Vision","J. Opt. Soc. Am. A"
"Journal of the Optical Society of America B: Optical Physics","J. Opt. Soc. Am. B"
"Journal of the Optical Society of America","J. Opt. Soc. Am."
"Journal of the Physical Society of Japan","J. Phys. Soc. Jpn."
"Journal of the Roy Aeronautical Society","J. R. Aeronaut. Soc."
"Journal of the Royal Astronomical Society of Canada","J. R. Astron. Soc. Can."
"Journal of the Royal Society, Interface","J. R. Soc. Interface"
"Kolloid Zeitschrift & Zeitschrift für Polymere","Kolloid Z. Z. Polym."
"Kongelige Danske Videnskabernes Selskab, Matematisk-Fysiske Meddelelser","K. Dan. Vidensk. Selsk. Mater. Fys. Medd."
"Kristallografiya [Soviet Physics–Crystallography]","Kristallografiya [Sov. Phys. Crystallogr.]"
"Kvantovaya Elektronika (Moscow) [Soviet Journal of Quantum Electronics]","Kvant. Elektron. (Moscow) [Sov. J. Quantum Electron.]"
"Laser Physics Letters","Laser Phys. Lett."
"Laser Physics","Laser Phys."
"Laser and Particle Beams","Laser Part. Beams"
"Lecture Notes in Earth Sciences","Lect. Notes Earth Sci."
"Lecture Notes in Mathematics","Lect. Notes Math."
"Lecture Notes in Physics Monographs","Lect. Notes Phys. Monogr."
"Lecture Notes in Physics","Lect. Notes Phys."
"Lettere al Nuovo Cimento","Lett. Nuovo Cimento"
"Letters in Mathematical Physics","Lett. Math. Phys."
"Lick Observatory Bulletin","Lick Obs. Bull."
"Light: Science & Applications","Light Sci. Appl."
"Lithology and Mineral Resources","Lithol. Min. Resour."
"Los Alamos National Laboratory, Preprint Archive, Physics","Los Alamos Nat. Lab. Prepr. Arch. Phys."
"Low Temperature Physics","Low Temp. Phys."
"MRS Advances","MRS Adv."
"MRS Bulletin","MRS Bull."
"MRS Internet Journal of Nitride Semiconductor Research","MRS Internet J. Nitride Semicond. Res."
"MRS Proceedings","MRS Proc."
"Machine Learning: Science and Technology","Mach. Learn.: Sci. Technol."
"Macromolecules","Macromolecules"
"Marine Geology","Mar. Geol."
"Marine Geophysical Researches","Mar. Geophys. Res."
"Marine Mining","Mar. Min."
"Marine Observer","Mar. Obs."
"Marine Structures","Mar. struct."
"Marine and Freshwater Research","Mar. Freshwater Res."
"Marine and Petroleum Geology","Mar. Pet. Geol."
"Materials Research Bulletin","Mater. Res. Bull."
"Materials Research Express","Mater. Res. Express"
"Materials Research Society Symposium Proceedings","Mater. Res. Soc. Symp. Proc."
"Materials Science & Engineering B: Solid-State Materials for Advanced Technology","Mater. Sci. Eng. B Solid-State Mater. Adv. Technol."
"Materials Science and Engineering B","Mater. Sci. Eng. B"
"Materials Science and Engineering R: Reports","Mater. Sci. Eng. R Rep."
"Materials Science and Engineering: C","Mater. Sci. Eng. C"
"Materials Science and Engineering","Mater. Sci. Eng."
"Materials Science in Semiconductor Processing","Mater. Sci. Semicond. Process."
"Materials Science-Poland","Mater. Sci.-Pol."
"Materials for Quantum Technology","Mater. Quantum Technol."
"Materials","Materials"
"Mathematical Biosciences","Math. Biosci."
"Mathematical Geology","Math. Geol."
"Mathematical Geosciences","Math. Geosci."
"Mathematical Models and Methods in Applied Sciences","Math. Models Method Appl. Sci."
"Mathematical Physics Analysis and Geometry","Math. Phys. Anal. Geom."
"Mathematical Physics and Applied Mathematics","Math. Phys. Appl. Math."
"Mathematical Proceedings of the Cambridge Philosophical Society","Math. Proc. Cambridge Philos. Soc."
"Mathematics of Computation","Math. Comput."
"Mathematicsl Methods in the Applied Sciences","Math. Methods Appl. Sci."
"Mathematische Zeitschrift","Math. Z."
"Matter and Radiation at Extremes","Matter Radiat. at Extremes"
"Measurement Science and Technology","Meas. Sci. Technol."
"Mechanical Systems and Signal Processing","Mech. Syst. Sig. Process."
"Mechanics of Solids","Mech. Solids"
"Medical Physics","Med. Phys."
"Memoir - American Association of Petroleum Geologists","Mem. Am. Assoc. Pet. Geol."
"Memoirs of the Royal Astronomical Society","Mem. R. Astron. Soc."
"Metallurgical And Materials Transactions B-Process Metallurgy And Materials Processing Science ","Metall. Mater. Trans. B Process Metall. Mater. Process. Sci."
"Methods and Applications in Fluorescence","Methods Appl. Fluoresc."
"Metrologia","Metrologia"
"Mineralium Deposita","Miner. Deposita"
"Mineralogical Magazine","Mineral. Mag."
"Mineralogy and Petrology","Mineral. Petrol."
"Mining Journal","Min. J."
"Mining Magazine","Min. Mag."
"Mining and Scientific Press","Min. Sci. Press"
"Modelling and Simulation in Materials Science and Engineering","Model. Simul. Mater. Sci. Eng."
"Modern Physics Letters A","Mod. Phys. Lett. A"
"Modern Physics Letters B","Mod. Phys. Lett. B"
"Molecular Crystals and Liquid Crystals","Mol. Cryst. Liq. Cryst."
"Molecular Physics","Mol. Phys."
"Monthly Notices of the Royal Astronomical Society","Mon. Not. R. Astron Soc."
"Multifunctional Materials","Multifunct. Mater."
"NACTA Journal","NACTA J."
"NATO ASI Series, Series A Life Sciences","NATO ASI Ser., Ser. A"
"NATO ASI Series, Series B Physics","NATO ASI Ser., Ser. B"
"NATO ASI Series, Series C Mathematical and Physical Sciences","NATO ASI Ser., Ser. C"
"NATO ASI Series, Series E Applied Physics","NATO ASI Ser., Ser. E"
"NDT International","NDT Int."
"NPG Asia Materials","NPG Asia Mater."
"Nano Energy","Nano Energy"
"Nano Express","Nano Express"
"Nano Futures","Nano Futur."
"Nano Letters","Nano Lett."
"Nano Research","Nano Res."
"Nano Today","Nano Today"
"Nano-Micro Letters","Nano-Micro Lett."
"Nano","Nano"
"Nanomaterials","Nanomaterials"
"Nanomedicine","Nanomed."
"Nanophotonics","Nanophotonics"
"Nanoscale Advances","Nanoscale Adv."
"Nanoscale","Nanoscale"
"Nanotechnology","Nanotechnology"
"National Bureau of Standards (U.S.), Circular","Natl. Bur. Stand. Circ. (U.S.)"
"National Bureau of Standards (U.S.), Miscellaneous Publication","Natl. Bur. Stand. Misc. Publ. (U.S.)"
"National Bureau of Standards (U.S.), Special Publication","Natl. Bur. Stand. Spec. Publ. (U.S.)"
"Nature (London)","Nature (London)"
"Nature Biomedical Engineering","Nat. Biomed. Eng."
"Nature Catalysis","Nat. Catal."
"Nature Communications","Nat. Commun."
"Nature Energy","Nat. Energy"
"Nature Geoscience","Nat. Geosci."
"Nature Nano","Nat. Nano"
"Nature Nanotechnology","Nat. Nanotechnology"
"Nature Photonics","Nat. Photonics"
"Nature Physics","Nat. Phys."
"Nature Reviews Materials","Nat. Rev. Mater."
"Nature","Nature"
"Naturwissenschaften","Naturwissenschaften"
"Naval Research Logistics","Nav. Res. Logist."
"Netherlands Journal of Geosciences","Neth. J. Geosci."
"Netherlands Journal of Sea Research","Neth. J. Sea Res."
"New Astronomy Reviews","New Astron. Rev."
"New Astronomy","New Astron."
"New Journal of Physics","New J. Phys."
"New Scientist","New Sci."
"New Zealand Geological Survey Bulletin","N.Z. Geol. Surv. Bull."
"New Zealand Journal of Geology and Geophysics","N.Z. J. Geol. Geophys."
"New Zealand Journal of Marine and Freshwater Research","N.Z. J. Mar. Freshwater Res."
"New Zealand Journal of Science","N.Z. J. Sci."
"New Zealand Journal of Zoology","N.Z. J. Zool."
"Non-Destructive Testing","Non-Destr. Test."
"Nonlinear Analysis: Hybrid Systems","Nonlinear Anal. Hybrid Syst"
"Nonlinear Analysis: Real World Applications","Nonlinear Anal. Real World Appl."
"Nonlinear Analysis: Theory Methods & Applications","Nonlinear Anal. Theory Methods Appl."
"Nonlinearity","Nonlinearity"
"Northwest Science","Northwest Sci."
"Norwegian Journal of Geology","Norw. J. Geol."
"Nuclear Data, Section A","Nucl. Data, Sec. A"
"Nuclear Data, Section B","Nucl. Data, Sec. B"
"Nuclear Fusion","Nucl. Fusion"
"Nuclear Instruments & Methods","Nucl. Instrum. Methods"
"Nuclear Instruments and Methods in Physics Research Section B: Beam Interactions with Materials and Atoms","Nucl. Instrum. Methods Phys. Res. Sect. B Beam Interact. Mater. At."
"Nuclear Instruments and Methods in Physics Research Section B","Nucl. Instrum. Methods Phys. Res. Sect. B"
"Nuclear Instruments","Nucl. Instrum."
"Nuclear Physics A","Nucl. Phys. A"
"Nuclear Physics B","Nucl. Phys. B"
"Nuclear Physics","Nucl. Phys."
"Nuclear Science and Engineering","Nucl. Sci. Eng."
"Nukleonika","Nukleonika"
"Numerical Analysis and Applications","Numer. Anal. Appl."
"Numerical Heat Transfer Part A","Numer. Heat Transfer, Part A"
"Numerical Heat Transfer Part B","Numer. Heat Transfer, Part B"
"Nuovo Cimento A","Nuovo Cimento A"
"Nuovo Cimento B","Nuovo Cimento B"
"Nuovo Cimento","Nuovo Cimento"
"OSA Technical Digest (online)","OSA Tech. Dig. Online"
"Optica Acta","Opt. Acta"
"Optica","Optica"
"Optical Engineering","Opt. Eng"
"Optical Materials Express","Opt. Mater. Express"
"Optics Communications","Opt. Commun."
"Optics Express","Opt. Express"
"Optics Letters","Opt. Lett."
"Optics News","Opt. News"
"Optics and Spectroscopy (USSR) [translation of Optika i Spektroskopiya]","Opt. Spectrosc."
"Optik & Photonik","Opt. Photonik"
"Optik (Stuttgart)","Optik (Stuttgart)"
"Optik - International Journal for Light and Electron Optics","Opt. - Int. J. Light Electron Opt."
"Optik","Optik"
"Optika i Spektroskopiya [Optics and Spectroscopy (USSR)]","Opt. Spektrosk. [Opt. Spectrosc. (USSR)]"
"Optiko–Mekhanicheskaya Promyshlennost [Soviet Journal of Optical Technology]","Opt.–Mekh. Prom. [Sov. J. Opt. Technol.]"
"Optoelectronics Letters","Optoelectron. Lett."
"Ore Geology Reviews","Ore Geol. Rev."
"Paleontological Journal","Paleontolog. J."
"Petroleum Geoscience","Pet. Geosci."
"Petroleum Science","Pet. Sci."
"Petroleum and Coal","Pet. Coal"
"Phase Transition and Critical Phenomena","Phase Transit. Crit. Phenom."
"Phase Transitions","Phase Transit."
"Philips Journal of Research","Philips J. Res."
"Philips Research Reports","Philips Res. Rep."
"Philosophical Mag. Abingdon England","Philos. Mag. Abingdon Engl."
"Philosophical Magazine Letters","Philos. Mag. Lett."
"Philosophical Magazine","Philos. Mag."
"Philosophical Transactions of the Royal Society A: Mathematical, Physical and Engineering Sciences","Philos. Trans. R. Soc. A: Math. Phys. Eng. Sci."
"Philosophical Transactions of the Royal Society A","Philos. Trans. R. Soc. A"
"Philosophical Transactions of the Royal Society","Philos. Trans. R. Soc."
"Phosphorus Sulfur Silicon and the Related Elements","Phosphorus, Sulfur Silicon Relat. Elem."
"Phosphorus Sulfur and Related Elements","Phosphorus Sulfur Rel. Elem."
"Photonics Research","Photonics Res."
"Physica (Utrecht)","Physica (Utrecht)"
"Physica A","Phys. A"
"Physica B: Condensed Matter","Phys. B: Condens. Matter"
"Physica B","Phys. B"
"Physica C: Superconductivity and its Applications","Phys. C: Supercond. Its Appl."
"Physica C","Phys. C"
"Physica D: Nonlinear Phenomena","Phys. D: Nonlinear Phenom."
"Physica D","Phys. D"
"Physica E: Low-dimensional Systems and Nanostructures","Phys. E: Low-Dimens. Syst. Nanostructures"
"Physica E","Phys. E"
"Physica Scripta T","Phys. Scr. T"
"Physica Scripta","Phys. Scr."
"physica status solidi (RRL) – Rapid Research Letters","Phys. Status Solidi RRL"
"physica status solidi (a)","Phys. Status Solidi A"
"physica status solidi (b)","Phys. Status Solidi B"
"physica status solidi (c)","Phys. Status Solidi C"
"Physica Status Solidi A: Applied Research","Phys. Status Solidi A: Appl. Res."
"Physica Status Solidi B: Basic Research","Phys. Status Solidi B: Basic Res."
"Physica Status Solidi B: Basic Solid State Physics","Phys. Status Solidi B: Basic Solid State Phys."
"Physica Status Solidi C: Current Topics in Solid State Physics","Phys. Status Solidi C: Curr. Top. Solid State Phys."
"Physica Status Solidi","Phys. Status Solidi"
"Physica","Physica"
"Physical Biology","Phys. Biol."
"Physical Chemistry Chemical Physics","Phys. Chem. Chem. Phys."
"Physical Mesomechanics","Phys. Mesomech."
"Physical Review A: Atomic, Molecular, and Optical Physics","Phys. Rev. A: At. Mol. Opt. Phys."
"Physical Review A","Phys. Rev. A"
"Physical Review Accelerators and Beams","Phys. Rev. Accel. Beams"
"Physical Review Applied","Phys. Rev. Applied"
"Physical Review B","Phys. Rev. B"
"Physical Review B: Condensed Matter","Phys. Rev. B: Condens. Matter"
"Physical Review C","Phys. Rev. C"
"Physical Review C: Nuclear Physics","Phys. Rev. C: Nucl. Phys."
"Physical Review D","Phys. Rev. D"
"Physical Review D: Particles and Fields","Phys. Rev. D: Part. Fields"
"Physical Review E","Phys. Rev. E"
"Physical Review E: Statistical, Nonlinear, and Soft Matter Physics","Phys. Rev. E: Stat. Nonlinear Soft Matter Phys."
"Physical Review E: Statistical Physics, Plasmas, Fluids, and Related Interdisciplinary Topics","Phys. Rev. E: Stat. Phys. Plasmas Fluids Relat. Interdisciplin. Top."
"Physical Review Fluids","Phys. Rev. Fluids"
"Physical Review Letters","Phys. Rev. Lett."
"Physical Review Materials","Phys. Rev. Materials"
"Physical Review Physics Education Research","Phys. Rev. Phys. Educ. Res."
"Physical Review Research","Phys. Rev. Research"
"Physical Review Special Topics – Accelerators and Beams","Phys. Rev. Spec. Top. Accel. Beams"
"Physical Review X","Phys. Rev. X"
"Physical Review","Phys. Rev."
"Physics (New York)","Physics (N.Y.)"
"Physics Education","Phys. Educ."
"Physics Letters A","Phys. Lett. A"
"Physics Letters B","Phys. Lett. B"
"Physics Letters","Phys. Lett."
"Physics Procedia","Phys. Procedia"
"Physics Reports","Phys. Rep."
"Physics Teacher","Phys. Teach."
"Physics Today","Phys. Today"
"Physics World","Phys. World"
"Physics and Chemistry of Solids","Phys. Chem. Solids"
"Physics in Medicine & Biology","Phys. Med. Biol."
"Physics of Atomic Nuclei","Phys. At. Nucl."
"Physics of Fluids A","Phys. Fluids A"
"Physics of Fluids B","Phys. Fluids B"
"Physics of Fluids","Phys. Fluids"
"Physics of Metals and Metallography (USSR) [translation of Fizika Metallovi Metallovedenie]","Phys. Met. Metallogr. (USSR)"
"Physics of Plasmas","Phys. Plasmas"
"Physics of the Earth and Planetary Interiors","Phys. Earth Planet. In."
"Physics of the Solid State","Phys. Solid State"
"Physics-Uspekhi","Phys.-Uspekhi"
"Physik der Kondensierten Materie","Phys. Kondens. Mater."
"Physikalische Zeitschrift der Sowjetunion","Phys. Z. Sowjetunion"
"Physikalische Zeitschrift","Phys. Z."
"Physiological Measurement","Phys. Meas."
"Pis’ma v Astronomicheskii Zhurnal [Soviet Astronomy Letters]","Pis’ma Astron. Zh. [Sov. Astron. Lett.]"
"Pis’ma v Zhurnal Eksperimentalnoi i Teoreticheskoi Fiziki [JETP Letters]","Pis’ma Zh. Eksp. Teor. Fiz. [JETP Lett.]"
"Pis’ma v Zhurnal Tekhnicheskoi Fiziki [Soviet Technical Physics Letters]","Pis’ma Zh. Tekh. Fiz. [Sov. Tech. Phys. Lett.]"
"Planetary and Space Science","Planet. Space Sci."
"Plasma Physics and Controlled Fusion","Plasma Phys. Control. Fusion"
"Plasma Physics","Plasma Phys."
"Plasma Research Express","Plasma Res. Express"
"Plasma Science and Technology","Plasma Sci. Technol."
"Plasma Sources Science and Technology","Plasma Sources Sci. Technol."
"Pramana – Journal of Physics","Pramana - J. Phys."
"Pramana","Pramana"
"Pribory i Tekhnika Eksperimenta [Instruments and Experimental Techniques (USSR)]","Prib. Tekh. E ksp. [Instrum. Exp. Tech. (USSR)]"
"Proceedings in Applied Mathematics and Mechanics","Proc. Appl. Math. Mech."
"Proceedings of SPIE","Proc. SPIE"
"Proceedings of the Cambridge Philosophical Society","Proc. Cambridge Philos. Soc."
"Proceedings of the Combustion Institute","Proc. Combust. Inst."
"Proceedings of the Estonian Academy of Sciences","Proc. Est. Acad. Sci."
"Proceedings of the Geologists' Association","Proc. Geol. Assoc."
"Proceedings of the IEEE","Proc. IEEE"
"Proceedings of the IRE","Proc. IRE"
"Proceedings of the International Astronomical Congress","Proc. Int. Astron. Congr."
"Proceedings of the International Astronomical Union","Proc. Int. Astron. Union"
"Proceedings of the National Academy of Sciences of the United States of America","Proc. Natl. Acad. Sci. U.S.A."
"Proceedings of the Nutrition Society","Proc. Nutr. Soc."
"Proceedings of the Physical Society of London","Proc. Phys. Soc. London"
"Proceedings of the Physical Society, Section A","Proc. Phys. Soc., Sect. A"
"Proceedings of the Physical Society, Section B","Proc. Phys. Soc., Sect. B"
"Proceedings of the Physical Society","Proc. Phys. Soc."
"Proceedings of the Royal Society of London, Series A: Mathematical and Physical Sciences","Proc. R. Soc. London, Ser. A: Math. Phys. Sci."
"Proceedings of the Royal Society of London A","Proc. R. Soc. Lond. A"
"Proceedings of the Royal Society of London, Series B","Proc. R. Soc. London, Ser. B"
"Proceedings of the Royal Society of London","Proc. R. Soc. London"
"Proceedings of the Zoological Society","Proc. Zool. Soc."
"Process Safety Progress","Process Saf. Prog."
"Progress in Aerospace Sciences","Prog. Aerosp. Sci."
"Progress in Biomedical Engineering","Prog. Biomed. Eng."
"Progress in Crystal Growth and Characterization","Prog. Cryst. Growth Charact."
"Progress in Energy","Prog. Energy"
"Progress in Histochemistry and Cytochemistry","Prog. Histochem. Cytochem."
"Progress in Lipid Research","Prog. Lipid Res."
"Progress in Natural Science: Materials International","Prog. Nat. Sci. Mater. Int."
"Progress in Photovoltaics: Research and Applications","Prog. Photovoltaics Res. Appl."
"Progress in Reaction Kinetics","Prog. React. Kinet."
"Progress of Theoretical Physics Supplements","Prog. Theor. Phys. Suppl."
"Progress of Theoretical Physics","Prog. Theor. Phys."
"Propellants, Explosives, Pyrotechnics","Propellants Explos. Pyrotech."
"Publications of the Astronomical Society of the Pacific","Publ. Astron. Soc. Pac."
"Pure and Applied Geophysics","Pure Appl. Geophys."
"Pure and Applied Physics","Pure Appl. Phys."
"Quantum Electronics","Quantum Electron."
"Quantum Optics","Quantum Opt."
"Quantum Science and Technology","Quantum Sci. Technol."
"Quarterly Journal of Mechanics and Applied Mathematics","Q. J. Mech. Appl. Math."
"Quarterly Journal of Science, Literature, and the Arts","Q. J. Sci. Lit. Arts"
"Quarterly Journal of Studies on Alcohol","Q. J. Stud. Alcohol"
"Quarterly Journal of the Geological Society of London","Q. J. Geol. Soc. London"
"Quarterly Journal of the Royal Astronomical Society","Q. J. R. Astron. Soc."
"Quarterly Journal of the Royal Meteorological Society","Q. J. R. Meteorolog. Soc."
"Quaternary Geochronology","Quat. Geochronol."
"Quaternary International","Quat. Int."
"Quaternary Research","Quat. Res."
"Quaternary Science Reviews","Quat. Sci. Rev."
"RCA Review","RCA Rev."
"Radiation Effects and Defects in Solids","Radiat. Eff. Defects Solids"
"Radiation Effects","Radiat. Eff."
"Radio Engineering and Electronic Physics (USSR) [translation of Radiotekhnika i Elektronika]","Radio Eng. Electron. Phys. (USSR)"
"Radio Engineering and Electronics (USSR) [translation of Radiotekhnika i Elektronika]","Radio Eng. Electron. (USSR)"
"Radiotekhnika i Elektronika [Radio Engineering and Electronic Physics (USSR)]","Radiotekh. Elektron. [Radio Eng. Electron. Phys. (USSR)]"
"Radiotekhnika i Elektronika [Radio Engineering and Electronics (USSR)]","Radiotekh. Elektron. [Radio Eng. Electron. (USSR)]"
"Regulatory Peptides","Regul. Pept."
"Remote Sensing of Environment","Remote Sens. Environ."
"Renewable & Sustainable Energy Reviews","Renew. Sustain. Energy Rev."
"Renewable and Sustainable Energy Reviews","Renewable Sustainable Energy Rev."
"Reports on Progress in Physics","Rep. Prog. Phys."
"Research Notes of the AAS","Res. Notes AAS"
"Research in Astronomy and Astrophysics","Res. Astron. Astrophys."
"Research in Nondestructive Evaluation","Res. Nondestr. Eval."
"Resource Geology","Resour. Geol."
"Review of Progress in Coloration and Related Topics","Rev. Prog. Color. Relat. Top."
"Review of Scientific Instruments","Rev. Sci. Instrum."
"Reviews in Conservation","Rev. Conserv."
"Reviews in Mathematical Physics","Rev. Math. Phys."
"Reviews in Mineralogy and Geochemistry","Rev. Mineral. Geochem."
"Reviews of Geophysics and Space Physics","Rev. Geophys. Space Phys."
"Reviews of Geophysics","Rev. Geophys."
"Reviews of Modern Physics","Rev. Mod. Phys."
"Revista Mexicana de Astronomica y Astrofisica","Rev. Mex. Astron. Astrofis."
"Revista Mexicana de Fisica","Rev. Mex. Fis."
"Revue dOptique, Théorique et Instrumentale","Rev. Opt. Theor. Instrum."
"Rheologica Acta","Rheol. Acta"
"Rice Science","Rice Sci."
"Rocky Mountain Geology","Rocky Mt Geol."
"Russian Chemical Reviews","Russ. Chem. Rev."
"Russian Journal of Physical Chemistry [translation of Zhurnal Fizicheskoi Khimii]","Russ. J. Phys. Chem."
"Russian Mathematical Surveys","Russ. Math. Surv."
"SAMPE Journal","SAMPE J."
"Sbornik: Mathematics","Sb. Math."
"Scanning Microscopy for Nanotechnology","Scanning Microsc. Nanotechnol."
"Scanning","Scanning"
"Science Advances","Sci. Adv."
"Science Foundation in China","Sci. Found. China"
"Science Progress","Sci. Prog."
"Science in China, Series A: Mathematics","Sci. China A: Math."
"Science in China, Series C: Life Sciences","Sci. China C: Life Sci."
"Science in China, Series D: Earth Sciences","Sci. China D: Earth Sci."
"Science in China, Series G: Physics, Mechanics and Astronomy","Sci. China G: Phys. Mech. Astron."
"Science","Science"
"Scientific American","Sci. Am."
"Scientific Modeling and Simulation","Sci. Model. Simul."
"Scilight","Scilight"
"Scripta Materialia","Scr. Mater."
"Sedimentary Geology","Sediment. Geol."
"Seismological Research Letters","Seismol. Res. Lett."
"Semiconductor Science and Technology","Semicond Sci. Technol."
"Semiconductor Today","Semicond. Today"
"Sensors (Switzerland)","Sens. Switz."
"Sensors and Actuators A: Physical","Sens. Actuators Phys."
"Sensors and Actuators B: Chemical","Sens. Actuators B Chem."
"Sensors","Sens."
"Signal Processing","Signal Process."
"Smart Materials and Structures","Smart Mater. Struct."
"Solar Cells","Solar Cells"
"Solar Energy Materials amd Solar Cells","Sol. Energy Mater. Sol. Cells."
"Solar Physics","Sol. Phys."
"Solar RRL","Sol. RRL"
"Solar System Research","Sol. Syst. Res."
"Solid State Communications","Solid State Commun."
"Solid State Ionics","Solid State Ionics"
"Solid State Sciences","Solid State Sci."
"Solid-state Electronics","Solid-state Electron."
"Solid–State Electronics","Solid–State Electron."
"Soviet Astronomy Letters [translation of Pisma v Astronomicheskii Zhurnal]","Soc. Astron. Lett."
"Soviet Astronomy [translation of Astronomicheskii Zhurnal]","Sov. Astron."
"Soviet Journal of Atomic Energy [translation of Atomnaya Energiya]","Sov. J. At. Energy"
"Soviet Journal of Low Temperature Physics [translation of Fizika Nizkikh Temperatur]","Sov. J. Low Temp. Phys."
"Soviet Journal of Nuclear Physics [translation of Yadernaya Fizika]","Sov. J. Nucl. Phys."
"Soviet Journal of Optical Technology [translation of Optiko–Mekhanicheskaya Promyshlennost]","Sov. J. Opt. Technol."
"Soviet Journal of Particles and Nuclei [translation of Fizika Elementarnykh Chastitsi Atomnogo Yadra]","Sov. J. Part. Nucl."
"Soviet Journal of Plasma Physics [translation of Fizika Plazmy]","Sov. J. Plasma Phys."
"Soviet Journal of Quantum Electronics [translation of Kvantovaya Elektronika (Moscow)]","Sov. J. Quantum Electron."
"Soviet Physics -- Solid State","Sov. Phys. - Solid State"
"Soviet Physics Journal [translation of Izvestiya Vysshikh Uchebnykh Zavedenii, Fizika]","Sov. Phys. J."
"Soviet Physics–Acoustics [translation of Akusticheskii Zhurnal]","Sov. Phys. Acoust."
"Soviet Physics–Crystallography [translation of Kristallografiya]","Sov. Phys. Crystallogr."
"Soviet Physics–Doklady [translation of Doklady Akademii Nauk SSSR]","Sov. Phys. Dokl."
"Soviet Physics–JETP [translation of Zhurnal Eksperimentalnoi i Teoreticheskoi Fiziki]","Sov. Phys. JETP"
"Soviet Physics–Semiconductors [translation of Fizika i Tekhnika Poluprovodnikov]","Sov. Phys. Semicond."
"Soviet Physics–Solid State [translation of Fizika Tverdogo Tela (Leningrad)]","Sov. Phys. Solid State"
"Soviet Physics–Technical Physics [translation of Zhurnal Tekhnicheskoi Fiziki]","Sov. Phys. Tech. Phys."
"Soviet Physics–Uspekhi [translation of Uspekhi Fizicheskikh Nauk]","Sov. Phys. Usp."
"Soviet Radiophysics [translation of Izvestiya Vysshikh Uchebnykh Zavedenii, Radiofizika]","Sov. Radiophys."
"Soviet Technical Physics Letters [translation of Pisma v Zhurnal Tekhnicheskoi Fiziki]","Sov. Tech. Phys. Lett."
"Space Research Today","Space Res. Today"
"Space Science Reviews","Space Sci. Rev."
"Spectrochimica Acta, Part A: Molecular Spectroscopy","Spectrochim. Acta, Part A"
"Spectrochimica Acta, Part B: Atomic Spectroscopy","Spectrochim. Acta, Part B"
"Spectrochimica Acta","Spectrochim. Acta"
"Springer Series in Opical Sciences","Springer Ser. Opt. Sci."
"Springer Series in Solid-State Sciences","Springer Ser. Solid-State Sci."
"Stratigraphy and Geological Correlation","Stratigr. Geol. Correl."
"Structural Dynamics","Struct. Dyn."
"Structural Safety","Struct. Saf."
"Structure and Bonding","Struct. Bond."
"Studies in Conservation","Stud. Conserv."
"Superconductor Science and Technology","Supercond. Sci. Technol."
"Superlattices and Microstructures","Superlattices Microstruct."
"Surface Science","Surf. Sci."
"Surface Topography: Metrology and Properties","Surf. Topogr.: Metrol. Prop."
"Surveys in Geophysics","Surv. Geophys."
"Technical Physics Letters","Tech. Phys. Lett."
"Teplofizika Vysokikh Temperatur [High Temperature (USSR)]","Teplofiz. Vys. Temp. [High Temp. (USSR)]"
"The Astronomical Journal","Astron. J."
"The Astrophysical Journal Letters","Astrophys. J. Lett."
"The Astrophysical Journal Supplement Series","Astrophys. J. Suppl. Ser."
"The Astrophysical Journal","Astrophys. J."
"The Electrochemical Society Interface","Electrochem. Soc. Interface"
"The European Physical Journal A","Eur. Phys. J. A"
"The European Physical Journal AP","Eur. Phys. J. AP"
"The European Physical Journal B","Eur. Phys. J. B"
"The European Physical Journal C","Eur. Phys. J. C"
"The European Physical Journal D","Eur. Phys. J. D"
"The European Physical Journal E","Eur. Phys. J. E"
"The European Physical Journal H","Eur. Phys. J. H"
"The Journal of Chemical Physics","J. Chem. Phys."
"The London, Edinburgh and Dublin philosophical magazine and journal of science","Lond. Edinb. Dublin Philos. Mag. J. Sci."
"The Planetary Science Journal","Planet. Sci. J."
"Theoretica Chimica Acta","Theor. Chim. Acta"
"Thin Solid Films","Thin Solid Films"
"tm - Technisches Messen","Tm - Tech. Mess."
"Topics in Applied Physics","Top. Appl. Phys."
"Transactions of the American Crystallographic Association","Trans. Am. Crystallogr. Assoc."
"Transactions of the American Geophysical Union","Trans. Am. Geophys. Union"
"Transactions of the American Institute of Mining, Metallurgical and Petroleum Engineers","Trans. Am. Inst. Min. Metall. Pet. Eng."
"Transactions of the American Nuclear Society","Trans. Am. Nucl. Soc."
"Transactions of the American Society for Metals","Trans. Am. Soc. Met."
"Transactions of the American Society of Mechanical Engineers","Trans. Am. Soc. Mech. Eng."
"Transactions of the British Ceramic Society","Trans. Br. Ceram. Soc."
"Transactions of the Faraday Society","Trans. Faraday Soc."
"Transactions of the Metallurgical Society of AIME","Trans. Metall. Soc. AIME"
"Transactions of the Society of Rheology","Trans. Soc. Rheol."
"Turkisch Journal of Physics","Turk. J. Phys."
"U.S. Geological Survey Bulletin","U.S. Geol. Surv. Bull."
"U.S. Geological Survey Professional Paper","U.S. Geol. Surv. Prof. Pap."
"UK Energy Research Centre","UK Energy Res. Cent."
"Ukrainian Physics Journal [translation of Ukrainskii Fizicheskii Zhurnal (Russian Edition)]","Ukr. Phys. J."
"Ultramicroscopy","Ultramicroscopy"
"Ultrasonics","Ultrasonics"
"Uspekhi Fizicheskikh Nauk [Soviet Physics–Uspekhi]","Usp. Fiz. Nauk [Sov. Phys. Usp.]"
"Vacuum","Vacuum"
"Vistas in Astronomy","Vistas Astron."
"Water Research","Water Res."
"Water Resources Research","Water Resour. Res."
"Water Resources","Water Resour."
"Wiley Interdisciplinary Reviews: Computational Statistics","Wiley Interdiscip. Rev. Comput. Stat."
"Wuli Xuebao (Acta Physica Sinica) [Chinese Journal of Physics]","Wuli Xuebao (Acta Phys. Sin.) [Chin. J. Phys.]"
"Yadernaya Fizika [Soviet Journal of Nuclear Physics]","Yad. Fiz. [Sov. J. Nucl. Phys.]"
"Zeitschrift für Analytische Chemie","Z. Anal. Chem."
"Zeitschrift für Angewandte Physik","Z. Angew. Phys."
"Zeitschrift für Anorganische und Allgemeine Chemie","Z. Anorg. Allg. Chem."
"Zeitschrift für Astrophysik","Z. Astrophys."
"Zeitschrift für Elektrochemie","Z. Elektrochem."
"Zeitschrift für Kristallographie, Kristallgeometrie, Kristallphysik, Kristallchemie","Z. Kristallogr. Kristallgeom. Kristallphys. Kristallchem."
"Zeitschrift für Kristallographie","Z. Krist."
"Zeitschrift für Metallkunde","Z. Metallkd."
"Zeitschrift für Naturforschung, Teil A: Physik, Physikalische Chemie, Kosmophysik","Z. Naturforsch. Teil A"
"Zeitschrift für Naturforschung","Z. Naturforsch."
"Zeitschrift für Physik A: Atoms and Nuclei","Z. Phys. A: At. Nucl."
"Zeitschrift für Physik A","Z. Phys. A"
"Zeitschrift für Physik B: Condensed Matter","Z. Phys. B: Condens. Matter"
"Zeitschrift für Physik B: Condensed Matter and Quanta","Z. Phys. B: Condens. Matter Quanta"
"Zeitschrift für Physik B","Z. Phys. B"
"Zeitschrift für Physik C: Particles and Fields","Z. Phys. C: Part. Fields"
"Zeitschrift für Physik C","Z. Phys. C"
"Zeitschrift für Physik D: Atoms, Molecules and Clusters","Z. Phys. D: At. Mol. Clust."
"Zeitschrift für Physik D","Z. Phys. D"
"Zeitschrift für Physik","Z. Phys."
"Zeitschrift für Physikalische Chemie, Abteilung A: Chemische Thermodynamik, Kinetik, Elektrochemie, Eigenschaftslehre","Z. Phys. Chem. Abt. A"
"Zeitschrift für Physikalische Chemie, Abteilung B: Chemie der Elementarprozesse, Aufbau der Materie","Z. Phys. Chem. Abt. B"
"Zeitschrift für Physikalische Chemie (Frankfurt am Main)","Z. Phys. Chem. (Frankurt am Main)"
"Zeitschrift für Physikalische Chemie (Leipzig)","Z. Phys. Chem. (Leipzig)"
"Zeitschrift für Physikalisch–Chemische Materialforschung","Z. Phys. Chem. Materialforsch."
"Zhurnal Éksperimentalnoi i Teoreticheskoi Fiziki","Zh. Eksp. Teor. Fiz"
"Zhurnal Eksperimentalnoi i Teoreticheskoi Fiziki [Soviet Physics–JETP]","Zh. Eksp. Teor. Fiz. [Sov. Phys. JETP]"
"Zhurnal Fizicheskoi Khimii [Russian Journal of Physical Chemistry]","Zh. Fiz. Khim. [Russ. J. Phys. Chem.]"
"Zhurnal Prikladnoi Spektroskopii [Journal of Applied Spectroscopy (USSR)]","Zh. Prikl. Spektrosk. [J. Appl. Spectrosc. (USSR)]"
"Zhurnal Tekhnicheskoi Fiziki [Soviet Physics–Technical Physics]","Zh. Tekh. Fiz. [Sov. Phys. Tech. Phys.]"
"arXiv.org, e-Print Archive Astrophysics","arXiv.org, e-Print Arch. Astrophys."
"arXiv.org, e-Print Archive Condensed Matter","arXiv.org, e-Print Arch. Condens. Matter"
"arXiv.org, e-Print Archive Physics","arXiv.org, e-Print Arch. Phys."
